tile,tp,fp,fn,tn,iou,precision,recall,f1
chimanimani_s2_1222.h5,4744,11535,26,79,0.2910,0.2914,0.9945,0.4508
chimanimani_s2_1019.h5,1161,9523,0,5700,0.1087,0.1087,1.0000,0.1960
chimanimani_s2_1223.h5,304,9053,0,7027,0.0325,0.0325,1.0000,0.0629
chimanimani_s2_126.h5,0,0,8412,7972,0.0000,0.0000,0.0000,0.0000
chimanimani_s2_1264.h5,206,39,8209,7930,0.0244,0.8408,0.0245,0.0476
chimanimani_s2_1019.h5,249,25,7180,8930,0.0334,0.9088,0.0335,0.0647
chimanimani_s2_1019.h5,0,0,7022,9362,0.0000,0.0000,0.0000,0.0000
chimanimani_s2_1223.h5,869,6602,189,8724,0.1134,0.1163,0.8214,0.2038
chimanimani_s2_1041.h5,0,0,6408,9976,0.0000,0.0000,0.0000,0.0000
chimanimani_s2_1295.h5,236,79,6057,10012,0.0370,0.7492,0.0375,0.0714
chimanimani_s2_1390.h5,1,13,6088,10282,0.0002,0.0714,0.0002,0.0003
chimanimani_s2_1264.h5,2314,4711,1347,8012,0.2764,0.3294,0.6321,0.4331
chimanimani_s2_1223.h5,88,4,5996,10296,0.0145,0.9565,0.0145,0.0285
chimanimani_s2_1019.h5,0,5781,205,10398,0.0000,0.0000,0.0000,0.0000
chimanimani_s2_126.h5,69,0,5863,10452,0.0116,1.0000,0.0116,0.0230
chimanimani_s2_1019.h5,0,0,5827,10557,0.0000,0.0000,0.0000,0.0000
chimanimani_s2_1390.h5,573,273,5532,10006,0.0898,0.6773,0.0939,0.1649
chimanimani_s2_1019.h5,29,117,5653,10585,0.0050,0.1986,0.0051,0.0100
chimanimani_s2_1390.h5,0,0,5543,10841,0.0000,0.0000,0.0000,0.0000
chimanimani_s2_1390.h5,273,5220,236,10655,0.0477,0.0497,0.5363,0.0910
chimanimani_s2_1390.h5,1117,4512,739,10016,0.1754,0.1984,0.6018,0.2985
chimanimani_s2_1390.h5,0,0,5215,11169,0.0000,0.0000,0.0000,0.0000
chimanimani_s2_1222.h5,10,0,5039,11335,0.0020,1.0000,0.0020,0.0040
chimanimani_s2_1390.h5,255,6,5031,11092,0.0482,0.9770,0.0482,0.0919
chimanimani_s2_1222.h5,4,7,4796,11577,0.0008,0.3636,0.0008,0.0017
chimanimani_s2_1295.h5,0,0,4786,11598,0.0000,0.0000,0.0000,0.0000
chimanimani_s2_1222.h5,0,0,4773,11611,0.0000,0.0000,0.0000,0.0000
chimanimani_s2_1223.h5,207,4133,578,11466,0.0421,0.0477,0.2637,0.0808
chimanimani_s2_1041.h5,1890,2048,2587,9859,0.2897,0.4799,0.4222,0.4492
chimanimani_s2_1223.h5,545,4357,261,11221,0.1056,0.1112,0.6762,0.1910
chimanimani_s2_1019.h5,470,4222,339,11353,0.0934,0.1002,0.5810,0.1709
chimanimani_s2_1295.h5,3,0,4543,11838,0.0007,1.0000,0.0007,0.0013
chimanimani_s2_126.h5,2098,2773,1766,9747,0.3161,0.4307,0.5430,0.4804
chimanimani_s2_1295.h5,0,3,4505,11876,0.0000,0.0000,0.0000,0.0000
chimanimani_s2_1019.h5,2373,4122,360,9529,0.3462,0.3654,0.8683,0.5143
chimanimani_s2_1264.h5,478,66,4395,11445,0.0968,0.8787,0.0981,0.1765
chimanimani_s2_1222.h5,153,8,4400,11823,0.0335,0.9503,0.0336,0.0649
chimanimani_s2_1223.h5,2206,4171,236,9771,0.3336,0.3459,0.9034,0.5003
chimanimani_s2_1223.h5,3379,123,4189,8693,0.4393,0.9649,0.4465,0.6105
chimanimani_s2_1223.h5,0,0,4305,12079,0.0000,0.0000,0.0000,0.0000
chimanimani_s2_126.h5,1571,1150,3132,10531,0.2684,0.5774,0.3340,0.4232
chimanimani_s2_1041.h5,0,0,4279,12105,0.0000,0.0000,0.0000,0.0000
chimanimani_s2_126.h5,1952,4022,201,10209,0.3161,0.3267,0.9066,0.4804
chimanimani_s2_1223.h5,2722,3265,925,9472,0.3938,0.4547,0.7464,0.5651
chimanimani_s2_1390.h5,191,9,4171,12013,0.0437,0.9550,0.0438,0.0837
chimanimani_s2_126.h5,413,29,4005,11937,0.0929,0.9344,0.0935,0.1700
chimanimani_s2_1222.h5,229,3912,93,12150,0.0541,0.0553,0.7112,0.1026
chimanimani_s2_1222.h5,1005,1847,2132,11400,0.2016,0.3524,0.3204,0.3356
chimanimani_s2_1390.h5,194,17,3961,12212,0.0465,0.9194,0.0467,0.0889
chimanimani_s2_1223.h5,4377,3166,790,8051,0.5253,0.5803,0.8471,0.6887
chimanimani_s2_1019.h5,52,196,3758,12378,0.0130,0.2097,0.0136,0.0256
chimanimani_s2_1041.h5,46,0,3944,12394,0.0115,1.0000,0.0115,0.0228
chimanimani_s2_1019.h5,151,374,3420,12439,0.0383,0.2876,0.0423,0.0737
chimanimani_s2_1264.h5,27,222,3564,12571,0.0071,0.1084,0.0075,0.0141
chimanimani_s2_1295.h5,1477,3767,4,11136,0.2814,0.2817,0.9973,0.4393
chimanimani_s2_1264.h5,2244,3435,264,10441,0.3776,0.3951,0.8947,0.5482
chimanimani_s2_1264.h5,0,0,3670,12714,0.0000,0.0000,0.0000,0.0000
chimanimani_s2_1041.h5,294,3471,173,12446,0.0747,0.0781,0.6296,0.1389
chimanimani_s2_1295.h5,0,0,3629,12755,0.0000,0.0000,0.0000,0.0000
chimanimani_s2_1390.h5,2397,3319,310,10358,0.3978,0.4193,0.8855,0.5692
chimanimani_s2_1019.h5,419,3563,4,12398,0.1051,0.1052,0.9905,0.1902
chimanimani_s2_1223.h5,0,0,3512,12872,0.0000,0.0000,0.0000,0.0000
chimanimani_s2_1041.h5,6924,2357,1143,5960,0.6642,0.7460,0.8583,0.7982
chimanimani_s2_1222.h5,250,3,3482,12649,0.0669,0.9881,0.0670,0.1255
chimanimani_s2_1223.h5,0,0,3442,12942,0.0000,0.0000,0.0000,0.0000
chimanimani_s2_1222.h5,69,555,2814,12946,0.0201,0.1106,0.0239,0.0393
chimanimani_s2_1295.h5,61,321,3046,12956,0.0178,0.1597,0.0196,0.0350
chimanimani_s2_126.h5,2210,3293,63,10818,0.3971,0.4016,0.9723,0.5684
chimanimani_s2_1222.h5,560,3031,324,12469,0.1430,0.1559,0.6335,0.2503
chimanimani_s2_126.h5,1146,3242,106,11890,0.2550,0.2612,0.9153,0.4064
chimanimani_s2_1295.h5,3149,2104,1189,9942,0.4888,0.5995,0.7259,0.6567
chimanimani_s2_126.h5,751,2190,1090,12353,0.1863,0.2554,0.4079,0.3141
chimanimani_s2_1295.h5,773,1732,1530,12349,0.1916,0.3086,0.3356,0.3215
chimanimani_s2_126.h5,91,3208,45,13040,0.0272,0.0276,0.6691,0.0530
chimanimani_s2_126.h5,751,1548,1702,12383,0.1877,0.3267,0.3062,0.3161
chimanimani_s2_126.h5,36,4,3231,13113,0.0110,0.9000,0.0110,0.0218
chimanimani_s2_1041.h5,0,0,3234,13150,0.0000,0.0000,0.0000,0.0000
chimanimani_s2_1295.h5,2174,2390,842,10978,0.4021,0.4763,0.7208,0.5736
chimanimani_s2_1019.h5,808,3140,79,12357,0.2006,0.2047,0.9109,0.3342
chimanimani_s2_1223.h5,1338,3182,14,11850,0.2951,0.2960,0.9896,0.4557
chimanimani_s2_1390.h5,0,0,3187,13197,0.0000,0.0000,0.0000,0.0000
chimanimani_s2_1222.h5,5,37,3147,13195,0.0016,0.1190,0.0016,0.0031
chimanimani_s2_1222.h5,844,2927,220,12393,0.2115,0.2238,0.7932,0.3491
chimanimani_s2_1223.h5,115,52,3027,13190,0.0360,0.6886,0.0366,0.0695
chimanimani_s2_1222.h5,353,2949,125,12957,0.1030,0.1069,0.7385,0.1868
chimanimani_s2_1295.h5,0,19,3034,13331,0.0000,0.0000,0.0000,0.0000
chimanimani_s2_1019.h5,945,2867,167,12405,0.2375,0.2479,0.8498,0.3838
chimanimani_s2_1390.h5,27,21,2961,13375,0.0090,0.5625,0.0090,0.0178
chimanimani_s2_1295.h5,854,2960,16,12554,0.2230,0.2239,0.9816,0.3646
chimanimani_s2_1222.h5,9,73,2872,13430,0.0030,0.1098,0.0031,0.0061
chimanimani_s2_1264.h5,0,0,2907,13477,0.0000,0.0000,0.0000,0.0000
chimanimani_s2_1295.h5,3066,1295,1600,10423,0.5143,0.7030,0.6571,0.6793
chimanimani_s2_1041.h5,261,48,2838,13237,0.0829,0.8447,0.0842,0.1532
chimanimani_s2_1264.h5,159,36,2799,13390,0.0531,0.8154,0.0538,0.1009
chimanimani_s2_126.h5,195,33,2766,13390,0.0651,0.8553,0.0659,0.1223
chimanimani_s2_126.h5,1882,2216,572,11714,0.4030,0.4592,0.7669,0.5745
chimanimani_s2_1390.h5,0,0,2749,13635,0.0000,0.0000,0.0000,0.0000
chimanimani_s2_1223.h5,23,10,2681,13670,0.0085,0.6970,0.0085,0.0168
chimanimani_s2_1295.h5,369,2574,108,13333,0.1209,0.1254,0.7736,0.2158
chimanimani_s2_1019.h5,19,29,2621,13715,0.0071,0.3958,0.0072,0.0141
chimanimani_s2_1223.h5,0,54,2577,13753,0.0000,0.0000,0.0000,0.0000
chimanimani_s2_1041.h5,1915,1493,1110,11866,0.4239,0.5619,0.6331,0.5954
chimanimani_s2_1295.h5,0,0,2580,13804,0.0000,0.0000,0.0000,0.0000
chimanimani_s2_1390.h5,0,0,2551,13833,0.0000,0.0000,0.0000,0.0000
chimanimani_s2_1223.h5,0,61,2474,13849,0.0000,0.0000,0.0000,0.0000
chimanimani_s2_1264.h5,0,63,2469,13852,0.0000,0.0000,0.0000,0.0000
chimanimani_s2_1222.h5,308,2311,217,13548,0.1086,0.1176,0.5867,0.1959
chimanimani_s2_1264.h5,1015,2506,20,12843,0.2866,0.2883,0.9807,0.4456
chimanimani_s2_1295.h5,1813,1410,1113,12048,0.4181,0.5625,0.6196,0.5897
chimanimani_s2_1390.h5,51,2470,36,13827,0.0199,0.0202,0.5862,0.0391
chimanimani_s2_1041.h5,11,1693,804,13876,0.0044,0.0065,0.0135,0.0087
chimanimani_s2_1041.h5,150,110,2385,13739,0.0567,0.5769,0.0592,0.1073
chimanimani_s2_1390.h5,0,0,2491,13893,0.0000,0.0000,0.0000,0.0000
chimanimani_s2_1019.h5,13,4,2476,13891,0.0052,0.7647,0.0052,0.0104
chimanimani_s2_1041.h5,36,3,2470,13875,0.0143,0.9231,0.0144,0.0283
chimanimani_s2_1264.h5,3689,1949,515,10231,0.5995,0.6543,0.8775,0.7496
chimanimani_s2_1041.h5,169,52,2410,13753,0.0642,0.7647,0.0655,0.1207
chimanimani_s2_1295.h5,1191,2326,125,12742,0.3270,0.3386,0.9050,0.4929
chimanimani_s2_1295.h5,0,30,2419,13935,0.0000,0.0000,0.0000,0.0000
chimanimani_s2_1295.h5,267,673,1773,13671,0.0984,0.2840,0.1309,0.1792
chimanimani_s2_1223.h5,92,25,2417,13850,0.0363,0.7863,0.0367,0.0701
chimanimani_s2_1223.h5,1223,1726,692,12743,0.3359,0.4147,0.6386,0.5029
chimanimani_s2_1222.h5,331,2108,303,13642,0.1207,0.1357,0.5221,0.2154
chimanimani_s2_1223.h5,1032,1939,448,12965,0.3018,0.3474,0.6973,0.4637
chimanimani_s2_1222.h5,813,2317,64,13190,0.2545,0.2597,0.9270,0.4058
chimanimani_s2_1019.h5,302,2280,67,13735,0.1140,0.1170,0.8184,0.2047
chimanimani_s2_1222.h5,120,1379,950,13935,0.0490,0.0801,0.1121,0.0934
chimanimani_s2_1222.h5,145,1879,447,13913,0.0587,0.0716,0.2449,0.1109
chimanimani_s2_1390.h5,0,65,2259,14060,0.0000,0.0000,0.0000,0.0000
chimanimani_s2_1264.h5,0,0,2313,14071,0.0000,0.0000,0.0000,0.0000
chimanimani_s2_1041.h5,133,2163,105,13983,0.0554,0.0579,0.5588,0.1050
chimanimani_s2_1019.h5,101,2237,0,14046,0.0432,0.0432,1.0000,0.0828
chimanimani_s2_126.h5,634,2157,77,13516,0.2211,0.2272,0.8917,0.3621
chimanimani_s2_1222.h5,615,2183,16,13570,0.2186,0.2198,0.9746,0.3587
chimanimani_s2_1223.h5,7207,2053,137,6987,0.7669,0.7783,0.9813,0.8681
chimanimani_s2_1264.h5,254,24,2160,13946,0.1042,0.9137,0.1052,0.1887
chimanimani_s2_1041.h5,3546,713,1467,10658,0.6193,0.8326,0.7074,0.7649
chimanimani_s2_1295.h5,594,1917,210,13663,0.2183,0.2366,0.7388,0.3584
chimanimani_s2_126.h5,258,2100,1,14025,0.1094,0.1094,0.9961,0.1972
chimanimani_s2_1041.h5,0,37,2052,14295,0.0000,0.0000,0.0000,0.0000
chimanimani_s2_1041.h5,2581,2089,0,11714,0.5527,0.5527,1.0000,0.7119
chimanimani_s2_1222.h5,0,0,2080,14304,0.0000,0.0000,0.0000,0.0000
chimanimani_s2_1019.h5,94,2073,0,14217,0.0434,0.0434,1.0000,0.0831
chimanimani_s2_1390.h5,1184,1320,745,13135,0.3644,0.4728,0.6138,0.5342
chimanimani_s2_1390.h5,3262,1222,837,11063,0.6130,0.7275,0.7958,0.7601
chimanimani_s2_1019.h5,1246,1878,170,13090,0.3783,0.3988,0.8799,0.5489
chimanimani_s2_1222.h5,2275,1218,829,12062,0.5264,0.6513,0.7329,0.6897
chimanimani_s2_1295.h5,1551,1925,109,12799,0.4326,0.4462,0.9343,0.6040
chimanimani_s2_126.h5,5,295,1729,14355,0.0025,0.0167,0.0029,0.0049
chimanimani_s2_1264.h5,83,1988,0,14313,0.0401,0.0401,1.0000,0.0771
chimanimani_s2_126.h5,138,1944,34,14268,0.0652,0.0663,0.8023,0.1224
chimanimani_s2_1041.h5,0,1590,362,14432,0.0000,0.0000,0.0000,0.0000
chimanimani_s2_1264.h5,2309,1949,1,12125,0.5421,0.5423,0.9996,0.7031
chimanimani_s2_1264.h5,339,1740,205,14100,0.1484,0.1631,0.6232,0.2585
chimanimani_s2_1041.h5,762,1916,28,13678,0.2816,0.2845,0.9646,0.4394
chimanimani_s2_1041.h5,34,83,1860,14407,0.0172,0.2906,0.0180,0.0338
chimanimani_s2_1390.h5,2,77,1863,14442,0.0010,0.0253,0.0011,0.0021
chimanimani_s2_1264.h5,568,1931,0,13885,0.2273,0.2273,1.0000,0.3704
chimanimani_s2_1390.h5,525,1728,174,13957,0.2163,0.2330,0.7511,0.3557
chimanimani_s2_1041.h5,187,1603,297,14297,0.0896,0.1045,0.3864,0.1645
chimanimani_s2_1019.h5,767,1847,52,13718,0.2877,0.2934,0.9365,0.4468
chimanimani_s2_1295.h5,27,3,1888,14466,0.0141,0.9000,0.0141,0.0278
chimanimani_s2_1041.h5,70,0,1890,14424,0.0357,1.0000,0.0357,0.0690
chimanimani_s2_126.h5,0,0,1887,14497,0.0000,0.0000,0.0000,0.0000
chimanimani_s2_1223.h5,583,1779,85,13937,0.2383,0.2468,0.8728,0.3848
chimanimani_s2_1019.h5,761,1611,242,13770,0.2911,0.3208,0.7587,0.4510
chimanimani_s2_1222.h5,119,5,1837,14423,0.0607,0.9597,0.0608,0.1144
chimanimani_s2_1264.h5,31,1,1833,14519,0.0166,0.9687,0.0166,0.0327
chimanimani_s2_1295.h5,348,1698,127,14211,0.1601,0.1701,0.7326,0.2761
chimanimani_s2_1295.h5,59,1797,18,14510,0.0315,0.0318,0.7662,0.0610
chimanimani_s2_1390.h5,2,1792,13,14577,0.0011,0.0011,0.1333,0.0022
chimanimani_s2_1390.h5,0,1801,2,14581,0.0000,0.0000,0.0000,0.0000
chimanimani_s2_1295.h5,8,1783,18,14575,0.0044,0.0045,0.3077,0.0088
chimanimani_s2_1390.h5,282,635,1139,14328,0.1372,0.3075,0.1985,0.2412
chimanimani_s2_1264.h5,140,5,1761,14478,0.0735,0.9655,0.0736,0.1369
chimanimani_s2_1223.h5,435,1759,7,14183,0.1976,0.1983,0.9842,0.3300
chimanimani_s2_1223.h5,0,1568,187,14629,0.0000,0.0000,0.0000,0.0000
chimanimani_s2_1264.h5,1132,853,875,13524,0.3958,0.5703,0.5640,0.5671
chimanimani_s2_1223.h5,2903,1371,322,11788,0.6316,0.6792,0.9002,0.7742
chimanimani_s2_1041.h5,0,1682,7,14695,0.0000,0.0000,0.0000,0.0000
chimanimani_s2_126.h5,80,957,730,14617,0.0453,0.0771,0.0988,0.0866
chimanimani_s2_1041.h5,0,0,1660,14724,0.0000,0.0000,0.0000,0.0000
chimanimani_s2_1223.h5,424,1228,411,14321,0.2055,0.2567,0.5078,0.3410
chimanimani_s2_1041.h5,1226,840,795,13523,0.4285,0.5934,0.6066,0.6000
chimanimani_s2_1223.h5,313,191,1426,14454,0.1622,0.6210,0.1800,0.2791
chimanimani_s2_1390.h5,432,1233,365,14354,0.2128,0.2595,0.5420,0.3509
chimanimani_s2_1019.h5,46,814,784,14740,0.0280,0.0535,0.0554,0.0544
chimanimani_s2_1222.h5,555,1084,512,14233,0.2580,0.3386,0.5201,0.4102
chimanimani_s2_1390.h5,234,1560,35,14555,0.1279,0.1304,0.8699,0.2269
chimanimani_s2_1264.h5,413,983,608,14380,0.2061,0.2958,0.4045,0.3417
chimanimani_s2_1264.h5,2156,1567,14,12647,0.5769,0.5791,0.9935,0.7317
chimanimani_s2_1223.h5,675,1456,122,14131,0.2996,0.3168,0.8469,0.4611
chimanimani_s2_1019.h5,71,1573,0,14740,0.0432,0.0432,1.0000,0.0828
chimanimani_s2_1390.h5,9,1493,53,14829,0.0058,0.0060,0.1452,0.0115
chimanimani_s2_1019.h5,80,1517,0,14787,0.0501,0.0501,1.0000,0.0954
chimanimani_s2_1223.h5,986,1038,464,13896,0.3963,0.4872,0.6800,0.5676
chimanimani_s2_1222.h5,182,1329,165,14708,0.1086,0.1205,0.5245,0.1959
chimanimani_s2_1295.h5,1570,757,726,13331,0.5142,0.6747,0.6838,0.6792
chimanimani_s2_1019.h5,0,1464,10,14910,0.0000,0.0000,0.0000,0.0000
chimanimani_s2_1019.h5,28,1348,118,14890,0.0187,0.0203,0.1918,0.0368
chimanimani_s2_1295.h5,0,1407,37,14940,0.0000,0.0000,0.0000,0.0000
chimanimani_s2_1019.h5,0,2,1433,14949,0.0000,0.0000,0.0000,0.0000
chimanimani_s2_1041.h5,419,1385,50,14530,0.2260,0.2323,0.8934,0.3687
chimanimani_s2_1041.h5,61,1192,242,14889,0.0408,0.0487,0.2013,0.0784
chimanimani_s2_126.h5,1520,871,563,13430,0.5146,0.6357,0.7297,0.6795
chimanimani_s2_1223.h5,242,1430,0,14712,0.1447,0.1447,1.0000,0.2529
chimanimani_s2_1264.h5,339,1348,76,14621,0.1923,0.2009,0.8169,0.3225
chimanimani_s2_1264.h5,75,1308,96,14905,0.0507,0.0542,0.4386,0.0965
chimanimani_s2_1019.h5,276,1249,152,14707,0.1646,0.1810,0.6449,0.2826
chimanimani_s2_1295.h5,283,1343,43,14715,0.1696,0.1740,0.8681,0.2900
chimanimani_s2_1222.h5,376,728,651,14629,0.2142,0.3406,0.3661,0.3529
chimanimani_s2_1295.h5,102,0,1372,14910,0.0692,1.0000,0.0692,0.1294
chimanimani_s2_1295.h5,704,1331,32,14317,0.3406,0.3459,0.9565,0.5081
chimanimani_s2_1222.h5,49,1323,40,14972,0.0347,0.0357,0.5506,0.0671
chimanimani_s2_1019.h5,1714,677,683,13310,0.5576,0.7169,0.7151,0.7160
chimanimani_s2_1390.h5,0,1184,170,15030,0.0000,0.0000,0.0000,0.0000
chimanimani_s2_1390.h5,1057,1169,178,13980,0.4397,0.4748,0.8559,0.6108
chimanimani_s2_1222.h5,472,1254,82,14576,0.2611,0.2735,0.8520,0.4140
chimanimani_s2_1019.h5,244,30,1298,14812,0.1552,0.8905,0.1582,0.2687
chimanimani_s2_1295.h5,502,1321,1,14560,0.2752,0.2754,0.9980,0.4316
chimanimani_s2_1019.h5,0,0,1313,15071,0.0000,0.0000,0.0000,0.0000
chimanimani_s2_1019.h5,25,0,1312,15047,0.0187,1.0000,0.0187,0.0367
chimanimani_s2_1223.h5,215,675,623,14871,0.1421,0.2416,0.2566,0.2488
chimanimani_s2_1222.h5,0,1248,36,15100,0.0000,0.0000,0.0000,0.0000
chimanimani_s2_1041.h5,317,1243,36,14788,0.1986,0.2032,0.8980,0.3314
chimanimani_s2_126.h5,531,1082,196,14575,0.2935,0.3292,0.7304,0.4538
chimanimani_s2_1222.h5,0,0,1275,15109,0.0000,0.0000,0.0000,0.0000
chimanimani_s2_1295.h5,4520,1056,214,10594,0.7807,0.8106,0.9548,0.8768
chimanimani_s2_1295.h5,25,0,1267,15092,0.0193,1.0000,0.0193,0.0380
chimanimani_s2_1390.h5,402,205,1040,14737,0.2441,0.6623,0.2788,0.3924
chimanimani_s2_126.h5,830,838,406,14310,0.4002,0.4976,0.6715,0.5716
chimanimani_s2_126.h5,373,473,768,14770,0.2311,0.4409,0.3269,0.3754
chimanimani_s2_1019.h5,9,1238,1,15136,0.0072,0.0072,0.9000,0.0143
chimanimani_s2_1041.h5,13,115,1119,15137,0.0104,0.1016,0.0115,0.0206
chimanimani_s2_1390.h5,516,895,331,14642,0.2962,0.3657,0.6092,0.4570
chimanimani_s2_1223.h5,0,0,1220,15164,0.0000,0.0000,0.0000,0.0000
chimanimani_s2_1041.h5,105,6,1210,15063,0.0795,0.9459,0.0798,0.1473
chimanimani_s2_1264.h5,0,0,1208,15176,0.0000,0.0000,0.0000,0.0000
chimanimani_s2_126.h5,0,0,1206,15178,0.0000,0.0000,0.0000,0.0000
chimanimani_s2_126.h5,26,7,1195,15156,0.0212,0.7879,0.0213,0.0415
chimanimani_s2_1390.h5,0,50,1148,15186,0.0000,0.0000,0.0000,0.0000
chimanimani_s2_1041.h5,16,16,1182,15170,0.0132,0.5000,0.0134,0.0260
chimanimani_s2_1223.h5,80,936,260,15108,0.0627,0.0787,0.2353,0.1180
chimanimani_s2_126.h5,3272,1018,173,11921,0.7331,0.7627,0.9498,0.8460
chimanimani_s2_126.h5,1736,756,434,13458,0.5933,0.6966,0.8000,0.7447
chimanimani_s2_1295.h5,451,882,299,14752,0.2763,0.3383,0.6013,0.4330
chimanimani_s2_1295.h5,1126,1097,79,14082,0.4891,0.5065,0.9344,0.6569
chimanimani_s2_1041.h5,1662,847,325,13550,0.5865,0.6624,0.8364,0.7393
chimanimani_s2_1222.h5,51,39,1130,15164,0.0418,0.5667,0.0432,0.0803
chimanimani_s2_1390.h5,443,1084,85,14772,0.2748,0.2901,0.8390,0.4311
chimanimani_s2_1223.h5,376,1163,0,14845,0.2443,0.2443,1.0000,0.3927
chimanimani_s2_1222.h5,681,708,455,14540,0.3693,0.4903,0.5995,0.5394
chimanimani_s2_1264.h5,308,1156,5,14915,0.2097,0.2104,0.9840,0.3467
chimanimani_s2_1390.h5,207,1066,83,15028,0.1527,0.1626,0.7138,0.2649
chimanimani_s2_1041.h5,797,848,297,14442,0.4104,0.4845,0.7285,0.5820
chimanimani_s2_126.h5,1225,782,349,14028,0.5199,0.6104,0.7783,0.6842
chimanimani_s2_1222.h5,19,2,1121,15242,0.0166,0.9048,0.0167,0.0327
chimanimani_s2_1223.h5,695,1091,30,14568,0.3827,0.3891,0.9586,0.5536
chimanimani_s2_1295.h5,614,378,742,14650,0.3541,0.6190,0.4528,0.5230
chimanimani_s2_1264.h5,123,926,193,15142,0.0990,0.1173,0.3892,0.1802
chimanimani_s2_1223.h5,0,0,1115,15269,0.0000,0.0000,0.0000,0.0000
chimanimani_s2_1222.h5,0,1021,93,15270,0.0000,0.0000,0.0000,0.0000
chimanimani_s2_1223.h5,936,470,632,14346,0.4593,0.6657,0.5969,0.6295
chimanimani_s2_1019.h5,0,736,362,15286,0.0000,0.0000,0.0000,0.0000
chimanimani_s2_1390.h5,437,0,1097,14850,0.2849,1.0000,0.2849,0.4434
chimanimani_s2_1295.h5,528,1019,76,14761,0.3253,0.3413,0.8742,0.4909
chimanimani_s2_1222.h5,199,26,1063,15096,0.1545,0.8844,0.1577,0.2677
chimanimani_s2_1390.h5,567,470,615,14732,0.3432,0.5468,0.4797,0.5110
chimanimani_s2_1222.h5,368,101,983,14932,0.2534,0.7846,0.2724,0.4044
chimanimani_s2_1019.h5,1488,367,706,13823,0.5810,0.8022,0.6782,0.7350
chimanimani_s2_1019.h5,716,1008,56,14604,0.4022,0.4153,0.9275,0.5737
chimanimani_s2_1223.h5,0,18,1043,15323,0.0000,0.0000,0.0000,0.0000
chimanimani_s2_1295.h5,0,0,1061,15323,0.0000,0.0000,0.0000,0.0000
chimanimani_s2_1390.h5,27,880,179,15298,0.0249,0.0298,0.1311,0.0485
chimanimani_s2_1041.h5,498,935,123,14828,0.3201,0.3475,0.8019,0.4849
chimanimani_s2_1041.h5,266,15,1043,15060,0.2009,0.9466,0.2032,0.3346
chimanimani_s2_1295.h5,168,75,981,15160,0.1373,0.6914,0.1462,0.2414
chimanimani_s2_126.h5,0,0,1051,15333,0.0000,0.0000,0.0000,0.0000
chimanimani_s2_1019.h5,125,1000,51,15208,0.1063,0.1111,0.7102,0.1922
chimanimani_s2_1019.h5,115,841,206,15222,0.0990,0.1203,0.3583,0.1801
chimanimani_s2_126.h5,7816,819,228,7521,0.8819,0.9052,0.9717,0.9372
chimanimani_s2_1222.h5,3885,600,437,11462,0.7893,0.8662,0.8989,0.8823
chimanimani_s2_126.h5,215,1016,21,15132,0.1717,0.1747,0.9110,0.2931
chimanimani_s2_1295.h5,808,548,483,14545,0.4394,0.5959,0.6259,0.6105
chimanimani_s2_1041.h5,135,1020,6,15223,0.1163,0.1169,0.9574,0.2083
chimanimani_s2_1222.h5,24,958,60,15342,0.0230,0.0244,0.2857,0.0450
chimanimani_s2_1222.h5,229,661,352,15142,0.1844,0.2573,0.3941,0.3114
chimanimani_s2_1295.h5,673,1012,0,14699,0.3994,0.3994,1.0000,0.5708
chimanimani_s2_1222.h5,114,1010,1,15259,0.1013,0.1014,0.9913,0.1840
chimanimani_s2_1390.h5,385,105,905,14989,0.2760,0.7857,0.2984,0.4326
chimanimani_s2_1264.h5,0,1010,0,15374,0.0000,0.0000,0.0000,0.0000
chimanimani_s2_1390.h5,0,998,12,15374,0.0000,0.0000,0.0000,0.0000
chimanimani_s2_1041.h5,301,952,55,15076,0.2301,0.2402,0.8455,0.3741
chimanimani_s2_126.h5,0,1004,1,15379,0.0000,0.0000,0.0000,0.0000
chimanimani_s2_126.h5,264,995,10,15115,0.2080,0.2097,0.9635,0.3444
chimanimani_s2_1222.h5,3653,945,57,11729,0.7847,0.7945,0.9846,0.8794
chimanimani_s2_126.h5,0,23,970,15391,0.0000,0.0000,0.0000,0.0000
chimanimani_s2_1222.h5,0,10,983,15391,0.0000,0.0000,0.0000,0.0000
chimanimani_s2_1222.h5,1217,543,436,14188,0.5542,0.6915,0.7362,0.7132
chimanimani_s2_1041.h5,454,979,0,14951,0.3168,0.3168,1.0000,0.4812
chimanimani_s2_1223.h5,0,978,0,15406,0.0000,0.0000,0.0000,0.0000
chimanimani_s2_1264.h5,373,380,596,15035,0.2765,0.4954,0.3849,0.4332
chimanimani_s2_1222.h5,3155,723,249,12257,0.7645,0.8136,0.9269,0.8665
chimanimani_s2_1264.h5,293,1,969,15121,0.2320,0.9966,0.2322,0.3766
chimanimani_s2_1223.h5,339,895,74,15076,0.2592,0.2747,0.8208,0.4117
chimanimani_s2_1223.h5,108,765,202,15309,0.1005,0.1237,0.3484,0.1826
chimanimani_s2_1223.h5,101,966,0,15317,0.0947,0.0947,1.0000,0.1729
chimanimani_s2_1264.h5,231,942,23,15188,0.1931,0.1969,0.9094,0.3238
chimanimani_s2_1223.h5,852,435,530,14567,0.4689,0.6620,0.6165,0.6384
chimanimani_s2_1264.h5,244,928,34,15178,0.2023,0.2082,0.8777,0.3366
chimanimani_s2_1264.h5,47,0,955,15382,0.0469,1.0000,0.0469,0.0896
chimanimani_s2_126.h5,1,4,943,15436,0.0011,0.2000,0.0011,0.0021
chimanimani_s2_1041.h5,519,890,51,14924,0.3555,0.3683,0.9105,0.5245
chimanimani_s2_1295.h5,0,0,940,15444,0.0000,0.0000,0.0000,0.0000
chimanimani_s2_1019.h5,95,127,809,15353,0.0921,0.4279,0.1051,0.1687
chimanimani_s2_1390.h5,193,930,0,15261,0.1719,0.1719,1.0000,0.2933
chimanimani_s2_126.h5,13,641,286,15444,0.0138,0.0199,0.0435,0.0273
chimanimani_s2_1041.h5,670,784,143,14787,0.4195,0.4608,0.8241,0.5911
chimanimani_s2_1041.h5,0,926,0,15458,0.0000,0.0000,0.0000,0.0000
chimanimani_s2_1019.h5,158,0,926,15300,0.1458,1.0000,0.1458,0.2544
chimanimani_s2_1295.h5,243,2,922,15217,0.2082,0.9918,0.2086,0.3447
chimanimani_s2_1390.h5,104,0,921,15359,0.1015,1.0000,0.1015,0.1842
chimanimani_s2_126.h5,976,461,458,14489,0.5150,0.6792,0.6806,0.6799
chimanimani_s2_1222.h5,1028,111,808,14437,0.5280,0.9025,0.5599,0.6911
chimanimani_s2_1295.h5,460,8,910,15006,0.3338,0.9829,0.3358,0.5005
chimanimani_s2_1222.h5,2073,68,848,13395,0.6935,0.9682,0.7097,0.8190
chimanimani_s2_1264.h5,1045,666,249,14424,0.5332,0.6108,0.8076,0.6955
chimanimani_s2_1019.h5,13,31,881,15459,0.0141,0.2955,0.0145,0.0277
chimanimani_s2_1223.h5,424,744,168,15048,0.3174,0.3630,0.7162,0.4818
chimanimani_s2_1019.h5,0,896,6,15482,0.0000,0.0000,0.0000,0.0000
chimanimani_s2_126.h5,378,67,831,15108,0.2962,0.8494,0.3127,0.4571
chimanimani_s2_1295.h5,0,0,896,15488,0.0000,0.0000,0.0000,0.0000
chimanimani_s2_1223.h5,261,889,7,15227,0.2256,0.2270,0.9739,0.3681
chimanimani_s2_1264.h5,212,840,54,15278,0.1917,0.2015,0.7970,0.3217
chimanimani_s2_1390.h5,237,840,45,15262,0.2112,0.2201,0.8404,0.3488
chimanimani_s2_1019.h5,359,885,0,15140,0.2886,0.2886,1.0000,0.4479
chimanimani_s2_1390.h5,379,832,53,15120,0.2998,0.3130,0.8773,0.4614
chimanimani_s2_1295.h5,446,67,817,15054,0.3353,0.8694,0.3531,0.5023
chimanimani_s2_1223.h5,852,821,54,14657,0.4933,0.5093,0.9404,0.6607
chimanimani_s2_1019.h5,52,868,0,15464,0.0565,0.0565,1.0000,0.1070
chimanimani_s2_1295.h5,53,88,779,15464,0.0576,0.3759,0.0637,0.1089
chimanimani_s2_1264.h5,0,862,0,15522,0.0000,0.0000,0.0000,0.0000
chimanimani_s2_126.h5,376,676,186,15146,0.3037,0.3574,0.6690,0.4659
chimanimani_s2_1295.h5,169,556,305,15354,0.1641,0.2331,0.3565,0.2819
chimanimani_s2_1390.h5,646,836,21,14881,0.4298,0.4359,0.9685,0.6012
chimanimani_s2_1390.h5,131,707,145,15401,0.1333,0.1563,0.4746,0.2352
chimanimani_s2_1390.h5,31,241,604,15508,0.0354,0.1140,0.0488,0.0684
chimanimani_s2_1041.h5,1076,778,62,14468,0.5616,0.5804,0.9455,0.7193
chimanimani_s2_1223.h5,45,599,238,15502,0.0510,0.0699,0.1590,0.0971
chimanimani_s2_126.h5,0,0,830,15554,0.0000,0.0000,0.0000,0.0000
chimanimani_s2_1223.h5,123,178,648,15435,0.1296,0.4086,0.1595,0.2295
chimanimani_s2_1019.h5,62,93,732,15497,0.0699,0.4000,0.0781,0.1307
chimanimani_s2_1041.h5,43,0,825,15516,0.0495,1.0000,0.0495,0.0944
chimanimani_s2_1264.h5,0,822,0,15562,0.0000,0.0000,0.0000,0.0000
chimanimani_s2_1295.h5,164,640,180,15400,0.1667,0.2040,0.4767,0.2857
chimanimani_s2_1041.h5,188,384,436,15376,0.1865,0.3287,0.3013,0.3144
chimanimani_s2_126.h5,114,800,19,15451,0.1222,0.1247,0.8571,0.2178
chimanimani_s2_1019.h5,28,5,810,15541,0.0332,0.8485,0.0334,0.0643
chimanimani_s2_1295.h5,58,0,814,15512,0.0665,1.0000,0.0665,0.1247
chimanimani_s2_1019.h5,374,0,812,15198,0.3153,1.0000,0.3153,0.4795
chimanimani_s2_1390.h5,224,809,0,15351,0.2168,0.2168,1.0000,0.3564
chimanimani_s2_1019.h5,15,796,0,15573,0.0185,0.0185,1.0000,0.0363
chimanimani_s2_1222.h5,0,61,727,15596,0.0000,0.0000,0.0000,0.0000
chimanimani_s2_1019.h5,1034,752,32,14566,0.5688,0.5789,0.9700,0.7251
chimanimani_s2_1041.h5,104,80,701,15499,0.1175,0.5652,0.1292,0.2103
chimanimani_s2_1390.h5,316,762,17,15289,0.2886,0.2931,0.9489,0.4479
chimanimani_s2_1295.h5,121,777,0,15486,0.1347,0.1347,1.0000,0.2375
chimanimani_s2_1019.h5,1749,473,298,13864,0.6940,0.7871,0.8544,0.8194
chimanimani_s2_1295.h5,1413,539,231,14201,0.6473,0.7239,0.8595,0.7859
chimanimani_s2_126.h5,258,26,742,15358,0.2515,0.9085,0.2580,0.4019
chimanimani_s2_1041.h5,380,608,154,15242,0.3327,0.3846,0.7116,0.4993
chimanimani_s2_126.h5,0,477,283,15624,0.0000,0.0000,0.0000,0.0000
chimanimani_s2_1295.h5,81,212,548,15543,0.0963,0.2765,0.1288,0.1757
chimanimani_s2_1264.h5,0,0,757,15627,0.0000,0.0000,0.0000,0.0000
chimanimani_s2_1041.h5,0,0,756,15628,0.0000,0.0000,0.0000,0.0000
chimanimani_s2_1223.h5,0,77,677,15630,0.0000,0.0000,0.0000,0.0000
chimanimani_s2_126.h5,41,746,5,15592,0.0518,0.0521,0.8913,0.0984
chimanimani_s2_1223.h5,134,622,128,15500,0.1516,0.1772,0.5115,0.2633
chimanimani_s2_1223.h5,0,739,10,15635,0.0000,0.0000,0.0000,0.0000
chimanimani_s2_1222.h5,0,586,161,15637,0.0000,0.0000,0.0000,0.0000
chimanimani_s2_1223.h5,538,744,3,15099,0.4187,0.4197,0.9945,0.5902
chimanimani_s2_126.h5,451,411,333,15189,0.3774,0.5232,0.5753,0.5480
chimanimani_s2_1041.h5,75,733,10,15566,0.0917,0.0928,0.8824,0.1680
chimanimani_s2_126.h5,49,367,370,15598,0.0623,0.1178,0.1169,0.1174
chimanimani_s2_1041.h5,91,395,340,15558,0.1102,0.1872,0.2111,0.1985
chimanimani_s2_1019.h5,46,727,5,15606,0.0591,0.0595,0.9020,0.1117
chimanimani_s2_1223.h5,0,600,129,15655,0.0000,0.0000,0.0000,0.0000
chimanimani_s2_1264.h5,16,198,527,15643,0.0216,0.0748,0.0295,0.0423
chimanimani_s2_1264.h5,0,725,0,15659,0.0000,0.0000,0.0000,0.0000
chimanimani_s2_1041.h5,90,654,69,15571,0.1107,0.1210,0.5660,0.1993
chimanimani_s2_1019.h5,1835,717,0,13832,0.7190,0.7190,1.0000,0.8366
chimanimani_s2_1390.h5,3,196,517,15668,0.0042,0.0151,0.0058,0.0083
chimanimani_s2_1264.h5,20,708,2,15654,0.0274,0.0275,0.9091,0.0533
chimanimani_s2_1223.h5,380,632,77,15295,0.3489,0.3755,0.8315,0.5174
chimanimani_s2_1019.h5,7,15,691,15671,0.0098,0.3182,0.0100,0.0194
chimanimani_s2_1390.h5,1171,574,131,14508,0.6242,0.6711,0.8994,0.7686
chimanimani_s2_1264.h5,57,696,9,15622,0.0748,0.0757,0.8636,0.1392
chimanimani_s2_1222.h5,367,184,517,15316,0.3436,0.6661,0.4152,0.5115
chimanimani_s2_1223.h5,39,95,605,15645,0.0528,0.2910,0.0606,0.1003
chimanimani_s2_126.h5,620,641,57,15066,0.4704,0.4917,0.9158,0.6398
chimanimani_s2_1019.h5,74,586,110,15614,0.0961,0.1121,0.4022,0.1754
chimanimani_s2_1264.h5,144,136,557,15547,0.1720,0.5143,0.2054,0.2936
chimanimani_s2_126.h5,30,28,657,15669,0.0420,0.5172,0.0437,0.0805
chimanimani_s2_1222.h5,40,334,350,15660,0.0552,0.1070,0.1026,0.1047
chimanimani_s2_1222.h5,158,556,125,15545,0.1883,0.2213,0.5583,0.3170
chimanimani_s2_1264.h5,0,677,0,15707,0.0000,0.0000,0.0000,0.0000
chimanimani_s2_1264.h5,566,476,198,15144,0.4565,0.5432,0.7408,0.6268
chimanimani_s2_1390.h5,0,595,77,15712,0.0000,0.0000,0.0000,0.0000
chimanimani_s2_126.h5,571,499,167,15147,0.4616,0.5336,0.7737,0.6316
chimanimani_s2_1390.h5,300,623,43,15418,0.3106,0.3250,0.8746,0.4739
chimanimani_s2_1041.h5,0,665,0,15719,0.0000,0.0000,0.0000,0.0000
chimanimani_s2_1041.h5,0,614,51,15719,0.0000,0.0000,0.0000,0.0000
chimanimani_s2_1223.h5,1934,459,201,13790,0.7456,0.8082,0.9059,0.8542
chimanimani_s2_1390.h5,117,530,125,15612,0.1516,0.1808,0.4835,0.2632
chimanimani_s2_1222.h5,0,630,25,15729,0.0000,0.0000,0.0000,0.0000
chimanimani_s2_1223.h5,92,563,90,15639,0.1235,0.1405,0.5055,0.2198
chimanimani_s2_1223.h5,329,647,4,15404,0.3357,0.3371,0.9880,0.5027
chimanimani_s2_1041.h5,0,647,0,15737,0.0000,0.0000,0.0000,0.0000
chimanimani_s2_1264.h5,481,488,158,15257,0.4268,0.4964,0.7527,0.5983
chimanimani_s2_1295.h5,210,0,643,15531,0.2462,1.0000,0.2462,0.3951
chimanimani_s2_1295.h5,0,547,94,15743,0.0000,0.0000,0.0000,0.0000
chimanimani_s2_1019.h5,139,215,426,15604,0.1782,0.3927,0.2460,0.3025
chimanimani_s2_1390.h5,0,5,635,15744,0.0000,0.0000,0.0000,0.0000
chimanimani_s2_126.h5,35,534,106,15709,0.0519,0.0615,0.2482,0.0986
chimanimani_s2_1019.h5,0,629,9,15746,0.0000,0.0000,0.0000,0.0000
chimanimani_s2_1264.h5,375,552,82,15375,0.3717,0.4045,0.8206,0.5419
chimanimani_s2_1390.h5,90,630,0,15664,0.1250,0.1250,1.0000,0.2222
chimanimani_s2_1019.h5,217,589,38,15540,0.2571,0.2692,0.8510,0.4090
chimanimani_s2_1041.h5,458,527,94,15305,0.4245,0.4650,0.8297,0.5960
chimanimani_s2_1264.h5,16,198,422,15748,0.0252,0.0748,0.0365,0.0491
chimanimani_s2_1041.h5,308,35,583,15458,0.3326,0.8980,0.3457,0.4992
chimanimani_s2_1295.h5,0,0,616,15768,0.0000,0.0000,0.0000,0.0000
chimanimani_s2_1223.h5,186,0,613,15585,0.2328,1.0000,0.2328,0.3777
chimanimani_s2_1222.h5,0,0,613,15771,0.0000,0.0000,0.0000,0.0000
chimanimani_s2_1222.h5,400,23,589,15372,0.3953,0.9456,0.4044,0.5666
chimanimani_s2_126.h5,722,357,254,15051,0.5416,0.6691,0.7398,0.7027
chimanimani_s2_1019.h5,187,531,75,15591,0.2358,0.2604,0.7137,0.3816
chimanimani_s2_1264.h5,192,572,34,15586,0.2406,0.2513,0.8496,0.3879
chimanimani_s2_1223.h5,314,481,124,15465,0.3417,0.3950,0.7169,0.5093
chimanimani_s2_1222.h5,100,2,601,15681,0.1422,0.9804,0.1427,0.2491
chimanimani_s2_1041.h5,48,16,584,15736,0.0741,0.7500,0.0759,0.1379
chimanimani_s2_1223.h5,0,0,599,15785,0.0000,0.0000,0.0000,0.0000
chimanimani_s2_1223.h5,24,369,228,15763,0.0386,0.0611,0.0952,0.0744
chimanimani_s2_1223.h5,0,434,159,15791,0.0000,0.0000,0.0000,0.0000
chimanimani_s2_1390.h5,765,341,252,15026,0.5633,0.6917,0.7522,0.7207
chimanimani_s2_1264.h5,0,585,7,15792,0.0000,0.0000,0.0000,0.0000
chimanimani_s2_1223.h5,385,295,296,15408,0.3945,0.5662,0.5653,0.5658
chimanimani_s2_126.h5,0,0,589,15795,0.0000,0.0000,0.0000,0.0000
chimanimani_s2_126.h5,334,77,507,15466,0.3638,0.8127,0.3971,0.5335
chimanimani_s2_1264.h5,0,580,0,15804,0.0000,0.0000,0.0000,0.0000
chimanimani_s2_1264.h5,0,0,579,15805,0.0000,0.0000,0.0000,0.0000
chimanimani_s2_1390.h5,254,501,76,15553,0.3057,0.3364,0.7697,0.4682
chimanimani_s2_1041.h5,583,170,404,15227,0.5039,0.7742,0.5907,0.6701
chimanimani_s2_126.h5,117,0,573,15694,0.1696,1.0000,0.1696,0.2900
chimanimani_s2_1223.h5,14,0,571,15799,0.0239,1.0000,0.0239,0.0467
chimanimani_s2_1264.h5,711,447,121,15105,0.5559,0.6140,0.8546,0.7146
chimanimani_s2_1223.h5,22,527,39,15796,0.0374,0.0401,0.3607,0.0721
chimanimani_s2_1019.h5,446,305,259,15374,0.4416,0.5939,0.6326,0.6126
chimanimani_s2_1222.h5,357,341,220,15466,0.3889,0.5115,0.6187,0.5600
chimanimani_s2_1222.h5,296,3,555,15530,0.3466,0.9900,0.3478,0.5148
chimanimani_s2_1295.h5,0,0,552,15832,0.0000,0.0000,0.0000,0.0000
chimanimani_s2_1390.h5,843,69,479,14993,0.6060,0.9243,0.6377,0.7547
chimanimani_s2_1295.h5,0,120,421,15843,0.0000,0.0000,0.0000,0.0000
chimanimani_s2_1295.h5,615,425,115,15229,0.5325,0.5913,0.8425,0.6949
chimanimani_s2_126.h5,0,202,338,15844,0.0000,0.0000,0.0000,0.0000
chimanimani_s2_1041.h5,487,209,327,15361,0.4761,0.6997,0.5983,0.6450
chimanimani_s2_1019.h5,54,535,0,15795,0.0917,0.0917,1.0000,0.1680
chimanimani_s2_1390.h5,135,408,125,15716,0.2021,0.2486,0.5192,0.3362
chimanimani_s2_1264.h5,0,0,532,15852,0.0000,0.0000,0.0000,0.0000
chimanimani_s2_1019.h5,4,25,507,15848,0.0075,0.1379,0.0078,0.0148
chimanimani_s2_1041.h5,8,0,532,15844,0.0148,1.0000,0.0148,0.0292
chimanimani_s2_1041.h5,43,253,274,15814,0.0754,0.1453,0.1356,0.1403
chimanimani_s2_1041.h5,0,411,111,15862,0.0000,0.0000,0.0000,0.0000
chimanimani_s2_1041.h5,80,179,343,15782,0.1329,0.3089,0.1891,0.2346
chimanimani_s2_1264.h5,178,40,482,15684,0.2543,0.8165,0.2697,0.4055
chimanimani_s2_1295.h5,0,0,521,15863,0.0000,0.0000,0.0000,0.0000
chimanimani_s2_1019.h5,65,514,2,15803,0.1119,0.1123,0.9701,0.2012
chimanimani_s2_1295.h5,201,327,187,15669,0.2811,0.3807,0.5180,0.4389
chimanimani_s2_1390.h5,88,328,182,15786,0.1472,0.2115,0.3259,0.2566
chimanimani_s2_1222.h5,205,456,50,15673,0.2883,0.3101,0.8039,0.4476
chimanimani_s2_1019.h5,134,3,502,15745,0.2097,0.9781,0.2107,0.3467
chimanimani_s2_1222.h5,424,392,111,15457,0.4574,0.5196,0.7925,0.6277
chimanimani_s2_1041.h5,38,249,253,15844,0.0704,0.1324,0.1306,0.1315
chimanimani_s2_1390.h5,794,403,99,15088,0.6127,0.6633,0.8891,0.7598
chimanimani_s2_1264.h5,846,450,52,15036,0.6276,0.6528,0.9421,0.7712
chimanimani_s2_126.h5,145,3,496,15740,0.2252,0.9797,0.2262,0.3676
chimanimani_s2_1041.h5,17,480,18,15869,0.0330,0.0342,0.4857,0.0639
chimanimani_s2_1222.h5,164,144,352,15724,0.2485,0.5325,0.3178,0.3981
chimanimani_s2_1390.h5,75,0,495,15814,0.1316,1.0000,0.1316,0.2326
chimanimani_s2_1264.h5,504,450,43,15387,0.5055,0.5283,0.9214,0.6716
chimanimani_s2_1041.h5,74,63,430,15817,0.1305,0.5401,0.1468,0.2309
chimanimani_s2_1041.h5,228,107,385,15664,0.3167,0.6806,0.3719,0.4810
chimanimani_s2_1264.h5,93,267,224,15800,0.1592,0.2583,0.2934,0.2747
chimanimani_s2_1222.h5,3,0,491,15890,0.0061,1.0000,0.0061,0.0121
chimanimani_s2_1223.h5,514,361,128,15381,0.5125,0.5874,0.8006,0.6777
chimanimani_s2_1390.h5,0,483,0,15901,0.0000,0.0000,0.0000,0.0000
chimanimani_s2_1019.h5,342,136,343,15563,0.4166,0.7155,0.4993,0.5881
chimanimani_s2_1041.h5,244,433,40,15667,0.3403,0.3604,0.8592,0.5078
chimanimani_s2_1264.h5,0,472,0,15912,0.0000,0.0000,0.0000,0.0000
chimanimani_s2_126.h5,403,251,217,15513,0.4627,0.6162,0.6500,0.6327
chimanimani_s2_1222.h5,466,87,380,15451,0.4995,0.8427,0.5508,0.6662
chimanimani_s2_1264.h5,0,78,389,15917,0.0000,0.0000,0.0000,0.0000
chimanimani_s2_1264.h5,377,447,17,15543,0.4483,0.4575,0.9569,0.6190
chimanimani_s2_1222.h5,18,0,463,15903,0.0374,1.0000,0.0374,0.0721
chimanimani_s2_1295.h5,90,412,47,15835,0.1639,0.1793,0.6569,0.2817
chimanimani_s2_1019.h5,567,392,67,15358,0.5526,0.5912,0.8943,0.7119
chimanimani_s2_1223.h5,9,0,459,15916,0.0192,1.0000,0.0192,0.0377
chimanimani_s2_1390.h5,157,453,4,15770,0.2557,0.2574,0.9752,0.4073
chimanimani_s2_1264.h5,2130,255,201,13798,0.8237,0.8931,0.9138,0.9033
chimanimani_s2_1041.h5,143,84,370,15787,0.2395,0.6300,0.2788,0.3865
chimanimani_s2_1295.h5,269,392,62,15661,0.3721,0.4070,0.8127,0.5423
chimanimani_s2_1223.h5,0,143,311,15930,0.0000,0.0000,0.0000,0.0000
chimanimani_s2_1223.h5,0,0,454,15930,0.0000,0.0000,0.0000,0.0000
chimanimani_s2_1041.h5,182,7,446,15749,0.2866,0.9630,0.2898,0.4455
chimanimani_s2_126.h5,52,432,21,15879,0.1030,0.1074,0.7123,0.1867
chimanimani_s2_1264.h5,0,442,6,15936,0.0000,0.0000,0.0000,0.0000
chimanimani_s2_1295.h5,0,342,105,15937,0.0000,0.0000,0.0000,0.0000
chimanimani_s2_1295.h5,0,0,446,15938,0.0000,0.0000,0.0000,0.0000
chimanimani_s2_1041.h5,98,395,50,15841,0.1805,0.1988,0.6622,0.3058
chimanimani_s2_126.h5,52,21,424,15887,0.1046,0.7123,0.1092,0.1894
chimanimani_s2_126.h5,388,176,268,15552,0.4663,0.6879,0.5915,0.6361
chimanimani_s2_1264.h5,763,432,12,15177,0.6321,0.6385,0.9845,0.7746
chimanimani_s2_126.h5,76,419,24,15865,0.1464,0.1535,0.7600,0.2555
chimanimani_s2_1019.h5,0,386,56,15942,0.0000,0.0000,0.0000,0.0000
chimanimani_s2_1264.h5,247,119,321,15697,0.3595,0.6749,0.4349,0.5289
chimanimani_s2_1041.h5,0,430,9,15945,0.0000,0.0000,0.0000,0.0000
chimanimani_s2_1041.h5,0,424,14,15946,0.0000,0.0000,0.0000,0.0000
chimanimani_s2_1223.h5,0,0,434,15950,0.0000,0.0000,0.0000,0.0000
chimanimani_s2_126.h5,21,382,50,15931,0.0464,0.0521,0.2958,0.0886
chimanimani_s2_1264.h5,344,274,156,15610,0.4444,0.5566,0.6880,0.6154
chimanimani_s2_1390.h5,0,400,30,15954,0.0000,0.0000,0.0000,0.0000
chimanimani_s2_1390.h5,149,36,391,15808,0.2587,0.8054,0.2759,0.4110
chimanimani_s2_1264.h5,242,387,40,15715,0.3617,0.3847,0.8582,0.5313
chimanimani_s2_1390.h5,49,150,276,15909,0.1032,0.2462,0.1508,0.1870
chimanimani_s2_1041.h5,0,426,0,15958,0.0000,0.0000,0.0000,0.0000
chimanimani_s2_1295.h5,0,78,347,15959,0.0000,0.0000,0.0000,0.0000
chimanimani_s2_1041.h5,0,423,0,15961,0.0000,0.0000,0.0000,0.0000
chimanimani_s2_1295.h5,617,404,16,15347,0.5950,0.6043,0.9747,0.7461
chimanimani_s2_1295.h5,67,330,90,15897,0.1376,0.1688,0.4268,0.2419
chimanimani_s2_1041.h5,0,284,136,15964,0.0000,0.0000,0.0000,0.0000
chimanimani_s2_1223.h5,61,25,394,15904,0.1271,0.7093,0.1341,0.2255
chimanimani_s2_1264.h5,0,176,238,15970,0.0000,0.0000,0.0000,0.0000
chimanimani_s2_1019.h5,0,377,37,15970,0.0000,0.0000,0.0000,0.0000
chimanimani_s2_1041.h5,590,286,127,15381,0.5882,0.6735,0.8229,0.7407
chimanimani_s2_1223.h5,105,305,107,15867,0.2031,0.2561,0.4953,0.3376
chimanimani_s2_1295.h5,476,398,11,15499,0.5379,0.5446,0.9774,0.6995
chimanimani_s2_1223.h5,1,0,407,15976,0.0025,1.0000,0.0025,0.0049
chimanimani_s2_1390.h5,0,0,406,15978,0.0000,0.0000,0.0000,0.0000
chimanimani_s2_1019.h5,237,301,103,15743,0.3697,0.4405,0.6971,0.5399
chimanimani_s2_1264.h5,8,385,19,15972,0.0194,0.0204,0.2963,0.0381
chimanimani_s2_1264.h5,34,403,0,15947,0.0778,0.0778,1.0000,0.1444
chimanimani_s2_126.h5,386,368,31,15599,0.4917,0.5119,0.9257,0.6593
chimanimani_s2_1222.h5,232,54,344,15754,0.3683,0.8112,0.4028,0.5383
chimanimani_s2_1019.h5,171,344,51,15818,0.3021,0.3320,0.7703,0.4640
chimanimani_s2_1390.h5,116,0,395,15873,0.2270,1.0000,0.2270,0.3700
chimanimani_s2_1390.h5,0,0,395,15989,0.0000,0.0000,0.0000,0.0000
chimanimani_s2_1019.h5,212,89,304,15779,0.3504,0.7043,0.4109,0.5190
chimanimani_s2_1295.h5,951,276,115,15042,0.7086,0.7751,0.8921,0.8295
chimanimani_s2_1222.h5,141,35,356,15852,0.2650,0.8011,0.2837,0.4190
chimanimani_s2_1223.h5,108,378,11,15887,0.2173,0.2222,0.9076,0.3570
chimanimani_s2_1264.h5,143,266,123,15852,0.2688,0.3496,0.5376,0.4237
chimanimani_s2_1295.h5,174,388,0,15822,0.3096,0.3096,1.0000,0.4728
chimanimani_s2_1390.h5,66,387,0,15931,0.1457,0.1457,1.0000,0.2543
chimanimani_s2_1223.h5,429,150,235,15570,0.5270,0.7409,0.6461,0.6903
chimanimani_s2_1390.h5,95,372,13,15904,0.1979,0.2034,0.8796,0.3304
chimanimani_s2_1390.h5,0,376,8,16000,0.0000,0.0000,0.0000,0.0000
chimanimani_s2_1390.h5,0,383,0,16001,0.0000,0.0000,0.0000,0.0000
chimanimani_s2_126.h5,25,347,32,15980,0.0619,0.0672,0.4386,0.1166
chimanimani_s2_1264.h5,204,323,56,15801,0.3499,0.3871,0.7846,0.5184
chimanimani_s2_1223.h5,1482,308,69,14525,0.7972,0.8279,0.9555,0.8872
chimanimani_s2_1295.h5,215,59,317,15793,0.3638,0.7847,0.4041,0.5335
chimanimani_s2_1041.h5,45,301,74,15964,0.1071,0.1301,0.3782,0.1935
chimanimani_s2_1041.h5,239,305,68,15772,0.3905,0.4393,0.7785,0.5617
chimanimani_s2_1295.h5,129,0,371,15884,0.2580,1.0000,0.2580,0.4102
chimanimani_s2_1264.h5,58,344,26,15956,0.1355,0.1443,0.6905,0.2387
chimanimani_s2_1390.h5,810,333,36,15205,0.6870,0.7087,0.9574,0.8145
chimanimani_s2_1223.h5,221,344,25,15794,0.3746,0.3912,0.8984,0.5450
chimanimani_s2_1390.h5,213,367,0,15804,0.3672,0.3672,1.0000,0.5372
chimanimani_s2_1223.h5,32,19,346,15987,0.0806,0.6275,0.0847,0.1492
chimanimani_s2_1390.h5,4,350,15,16015,0.0108,0.0113,0.2105,0.0214
chimanimani_s2_1264.h5,0,314,48,16022,0.0000,0.0000,0.0000,0.0000
chimanimani_s2_1222.h5,0,238,122,16024,0.0000,0.0000,0.0000,0.0000
chimanimani_s2_1222.h5,130,282,78,15894,0.2653,0.3155,0.6250,0.4194
chimanimani_s2_126.h5,123,159,199,15903,0.2557,0.4362,0.3820,0.4073
chimanimani_s2_126.h5,753,148,210,15273,0.6778,0.8357,0.7819,0.8079
chimanimani_s2_1264.h5,89,12,344,15939,0.2000,0.8812,0.2055,0.3333
chimanimani_s2_126.h5,68,0,353,15963,0.1615,1.0000,0.1615,0.2781
chimanimani_s2_1222.h5,119,99,250,15916,0.2543,0.5459,0.3225,0.4055
chimanimani_s2_1041.h5,32,6,339,16007,0.0849,0.8421,0.0863,0.1565
chimanimani_s2_1041.h5,0,208,134,16042,0.0000,0.0000,0.0000,0.0000
chimanimani_s2_1041.h5,131,224,118,15911,0.2770,0.3690,0.5261,0.4338
chimanimani_s2_126.h5,0,0,341,16043,0.0000,0.0000,0.0000,0.0000
chimanimani_s2_1041.h5,638,112,228,15406,0.6524,0.8507,0.7367,0.7896
chimanimani_s2_1264.h5,259,327,13,15785,0.4324,0.4420,0.9522,0.6037
chimanimani_s2_1295.h5,0,0,340,16044,0.0000,0.0000,0.0000,0.0000
chimanimani_s2_1041.h5,225,230,109,15820,0.3989,0.4945,0.6737,0.5703
chimanimani_s2_1222.h5,0,48,289,16047,0.0000,0.0000,0.0000,0.0000
chimanimani_s2_1019.h5,56,333,4,15991,0.1425,0.1440,0.9333,0.2494
chimanimani_s2_1295.h5,0,289,43,16052,0.0000,0.0000,0.0000,0.0000
chimanimani_s2_1019.h5,8,211,121,16044,0.0235,0.0365,0.0620,0.0460
chimanimani_s2_1019.h5,209,14,318,15843,0.3863,0.9372,0.3966,0.5573
chimanimani_s2_1041.h5,0,1,329,16054,0.0000,0.0000,0.0000,0.0000
chimanimani_s2_1390.h5,320,186,144,15734,0.4923,0.6324,0.6897,0.6598
chimanimani_s2_1223.h5,151,323,6,15904,0.3146,0.3186,0.9618,0.4786
chimanimani_s2_1390.h5,485,264,65,15570,0.5958,0.6475,0.8818,0.7467
chimanimani_s2_1222.h5,292,246,82,15764,0.4710,0.5428,0.7807,0.6404
chimanimani_s2_1041.h5,57,0,328,15999,0.1481,1.0000,0.1481,0.2579
chimanimani_s2_126.h5,94,319,8,15963,0.2233,0.2276,0.9216,0.3650
chimanimani_s2_1223.h5,43,0,327,16014,0.1162,1.0000,0.1162,0.2082
chimanimani_s2_1041.h5,98,71,255,15960,0.2311,0.5799,0.2776,0.3755
chimanimani_s2_1041.h5,0,0,326,16058,0.0000,0.0000,0.0000,0.0000
chimanimani_s2_1264.h5,162,34,291,15897,0.3326,0.8265,0.3576,0.4992
chimanimani_s2_1264.h5,87,0,325,15972,0.2112,1.0000,0.2112,0.3487
chimanimani_s2_1222.h5,57,324,0,16003,0.1496,0.1496,1.0000,0.2603
chimanimani_s2_1264.h5,71,0,322,15991,0.1807,1.0000,0.1807,0.3060
chimanimani_s2_1222.h5,56,268,51,16009,0.1493,0.1728,0.5234,0.2599
chimanimani_s2_1019.h5,170,297,21,15896,0.3484,0.3640,0.8901,0.5167
chimanimani_s2_1264.h5,160,119,196,15909,0.3368,0.5735,0.4494,0.5039
chimanimani_s2_1223.h5,3,92,223,16066,0.0094,0.0316,0.0133,0.0187
chimanimani_s2_1295.h5,13,0,315,16056,0.0396,1.0000,0.0396,0.0762
chimanimani_s2_1041.h5,122,16,298,15948,0.2798,0.8841,0.2905,0.4373
chimanimani_s2_1222.h5,14,0,312,16058,0.0429,1.0000,0.0429,0.0824
chimanimani_s2_1390.h5,0,312,0,16072,0.0000,0.0000,0.0000,0.0000
chimanimani_s2_1295.h5,0,140,170,16074,0.0000,0.0000,0.0000,0.0000
chimanimani_s2_126.h5,323,173,137,15751,0.5103,0.6512,0.7022,0.6757
chimanimani_s2_1295.h5,0,83,226,16075,0.0000,0.0000,0.0000,0.0000
chimanimani_s2_1390.h5,73,301,8,16002,0.1911,0.1952,0.9012,0.3209
chimanimani_s2_1264.h5,363,62,245,15714,0.5418,0.8541,0.5970,0.7028
chimanimani_s2_1390.h5,0,0,306,16078,0.0000,0.0000,0.0000,0.0000
chimanimani_s2_126.h5,86,293,10,15995,0.2211,0.2269,0.8958,0.3621
chimanimani_s2_1264.h5,0,94,208,16082,0.0000,0.0000,0.0000,0.0000
chimanimani_s2_1295.h5,139,296,3,15946,0.3174,0.3195,0.9789,0.4818
chimanimani_s2_1223.h5,12,208,88,16076,0.0390,0.0545,0.1200,0.0750
chimanimani_s2_1222.h5,0,0,294,16090,0.0000,0.0000,0.0000,0.0000
chimanimani_s2_1390.h5,0,0,294,16090,0.0000,0.0000,0.0000,0.0000
chimanimani_s2_1223.h5,410,290,2,15682,0.5840,0.5857,0.9951,0.7374
chimanimani_s2_1223.h5,22,223,66,16073,0.0707,0.0898,0.2500,0.1321
chimanimani_s2_1390.h5,2,0,289,16093,0.0069,1.0000,0.0069,0.0137
chimanimani_s2_1041.h5,11,0,288,16085,0.0368,1.0000,0.0368,0.0710
chimanimani_s2_1295.h5,136,77,210,15961,0.3215,0.6385,0.3931,0.4866
chimanimani_s2_1295.h5,56,274,13,16041,0.1633,0.1697,0.8116,0.2807
chimanimani_s2_1295.h5,167,103,182,15932,0.3695,0.6185,0.4785,0.5396
chimanimani_s2_1222.h5,0,275,9,16100,0.0000,0.0000,0.0000,0.0000
chimanimani_s2_1390.h5,0,37,243,16104,0.0000,0.0000,0.0000,0.0000
chimanimani_s2_1295.h5,4,87,192,16101,0.0141,0.0440,0.0204,0.0279
chimanimani_s2_1019.h5,0,0,279,16105,0.0000,0.0000,0.0000,0.0000
chimanimani_s2_1390.h5,0,277,0,16107,0.0000,0.0000,0.0000,0.0000
chimanimani_s2_1295.h5,0,77,199,16108,0.0000,0.0000,0.0000,0.0000
chimanimani_s2_1264.h5,0,0,276,16108,0.0000,0.0000,0.0000,0.0000
chimanimani_s2_1041.h5,63,170,106,16045,0.1858,0.2704,0.3728,0.3134
chimanimani_s2_1390.h5,0,131,144,16109,0.0000,0.0000,0.0000,0.0000
chimanimani_s2_1264.h5,0,0,275,16109,0.0000,0.0000,0.0000,0.0000
chimanimani_s2_1041.h5,140,237,37,15970,0.3382,0.3714,0.7910,0.5054
chimanimani_s2_1019.h5,0,274,0,16110,0.0000,0.0000,0.0000,0.0000
chimanimani_s2_1019.h5,12,0,274,16098,0.0420,1.0000,0.0420,0.0805
chimanimani_s2_1041.h5,0,0,273,16111,0.0000,0.0000,0.0000,0.0000
chimanimani_s2_1264.h5,188,256,16,15924,0.4087,0.4234,0.9216,0.5802
chimanimani_s2_1222.h5,5,4,262,16113,0.0185,0.5556,0.0187,0.0362
chimanimani_s2_1019.h5,109,26,239,16010,0.2914,0.8074,0.3132,0.4513
chimanimani_s2_1041.h5,153,161,104,15966,0.3660,0.4873,0.5953,0.5359
chimanimani_s2_126.h5,20,94,170,16100,0.0704,0.1754,0.1053,0.1316
chimanimani_s2_1264.h5,99,245,16,16024,0.2750,0.2878,0.8609,0.4314
chimanimani_s2_1019.h5,127,256,4,15997,0.3282,0.3316,0.9695,0.4942
chimanimani_s2_126.h5,127,72,187,15998,0.3290,0.6382,0.4045,0.4951
chimanimani_s2_126.h5,68,0,259,16057,0.2080,1.0000,0.2080,0.3443
chimanimani_s2_1223.h5,3,0,257,16124,0.0115,1.0000,0.0115,0.0228
chimanimani_s2_1223.h5,0,80,175,16129,0.0000,0.0000,0.0000,0.0000
chimanimani_s2_1019.h5,0,255,0,16129,0.0000,0.0000,0.0000,0.0000
chimanimani_s2_1295.h5,0,0,253,16131,0.0000,0.0000,0.0000,0.0000
chimanimani_s2_1222.h5,35,250,1,16098,0.1224,0.1228,0.9722,0.2181
chimanimani_s2_1264.h5,0,0,250,16134,0.0000,0.0000,0.0000,0.0000
chimanimani_s2_1295.h5,326,159,89,15810,0.5679,0.6722,0.7855,0.7244
chimanimani_s2_126.h5,47,62,184,16091,0.1604,0.4312,0.2035,0.2765
chimanimani_s2_1223.h5,257,121,125,15881,0.5109,0.6799,0.6728,0.6763
chimanimani_s2_1222.h5,126,0,246,16012,0.3387,1.0000,0.3387,0.5060
chimanimani_s2_1264.h5,90,161,83,16050,0.2695,0.3586,0.5202,0.4245
chimanimani_s2_1390.h5,0,0,244,16140,0.0000,0.0000,0.0000,0.0000
chimanimani_s2_126.h5,535,242,1,15606,0.6877,0.6885,0.9981,0.8149
chimanimani_s2_1041.h5,0,0,241,16143,0.0000,0.0000,0.0000,0.0000
chimanimani_s2_126.h5,11,0,241,16132,0.0437,1.0000,0.0437,0.0837
chimanimani_s2_1222.h5,0,236,4,16144,0.0000,0.0000,0.0000,0.0000
chimanimani_s2_1041.h5,0,233,7,16144,0.0000,0.0000,0.0000,0.0000
chimanimani_s2_1223.h5,648,55,184,15497,0.7306,0.9218,0.7788,0.8443
chimanimani_s2_1041.h5,65,66,172,16081,0.2145,0.4962,0.2743,0.3533
chimanimani_s2_1019.h5,231,204,33,15916,0.4936,0.5310,0.8750,0.6609
chimanimani_s2_1222.h5,4,236,0,16144,0.0167,0.0167,1.0000,0.0328
chimanimani_s2_1019.h5,0,162,71,16151,0.0000,0.0000,0.0000,0.0000
chimanimani_s2_126.h5,322,223,9,15830,0.5812,0.5908,0.9728,0.7352
chimanimani_s2_1223.h5,8,0,229,16147,0.0338,1.0000,0.0338,0.0653
chimanimani_s2_1019.h5,0,0,228,16156,0.0000,0.0000,0.0000,0.0000
chimanimani_s2_1223.h5,28,6,221,16129,0.1098,0.8235,0.1124,0.1979
chimanimani_s2_1295.h5,66,80,146,16092,0.2260,0.4521,0.3113,0.3687
chimanimani_s2_1295.h5,0,226,0,16158,0.0000,0.0000,0.0000,0.0000
chimanimani_s2_1222.h5,40,65,161,16118,0.1504,0.3810,0.1990,0.2614
chimanimani_s2_1390.h5,0,0,226,16158,0.0000,0.0000,0.0000,0.0000
chimanimani_s2_1295.h5,56,221,2,16105,0.2007,0.2022,0.9655,0.3343
chimanimani_s2_1223.h5,0,223,0,16161,0.0000,0.0000,0.0000,0.0000
chimanimani_s2_1295.h5,11,7,216,16150,0.0470,0.6111,0.0485,0.0898
chimanimani_s2_1223.h5,175,222,0,15987,0.4408,0.4408,1.0000,0.6119
chimanimani_s2_1222.h5,0,190,32,16162,0.0000,0.0000,0.0000,0.0000
chimanimani_s2_126.h5,119,96,125,16044,0.3500,0.5535,0.4877,0.5185
chimanimani_s2_126.h5,38,218,0,16128,0.1484,0.1484,1.0000,0.2585
chimanimani_s2_1019.h5,211,140,77,15956,0.4930,0.6011,0.7326,0.6604
chimanimani_s2_1223.h5,727,204,11,15442,0.7718,0.7809,0.9851,0.8712
chimanimani_s2_1019.h5,1,151,63,16169,0.0047,0.0066,0.0156,0.0093
chimanimani_s2_1390.h5,236,168,46,15934,0.5244,0.5842,0.8369,0.6880
chimanimani_s2_126.h5,51,79,135,16119,0.1925,0.3923,0.2742,0.3228
chimanimani_s2_1295.h5,0,7,206,16171,0.0000,0.0000,0.0000,0.0000
chimanimani_s2_126.h5,0,85,128,16171,0.0000,0.0000,0.0000,0.0000
chimanimani_s2_1264.h5,4,0,212,16168,0.0185,1.0000,0.0185,0.0364
chimanimani_s2_1222.h5,0,0,211,16173,0.0000,0.0000,0.0000,0.0000
chimanimani_s2_1390.h5,229,202,8,15945,0.5216,0.5313,0.9662,0.6856
chimanimani_s2_1019.h5,0,10,200,16174,0.0000,0.0000,0.0000,0.0000
chimanimani_s2_1222.h5,64,200,9,16111,0.2344,0.2424,0.8767,0.3798
chimanimani_s2_126.h5,479,12,195,15698,0.6983,0.9756,0.7107,0.8223
chimanimani_s2_1041.h5,0,0,205,16179,0.0000,0.0000,0.0000,0.0000
chimanimani_s2_1295.h5,4,0,204,16176,0.0192,1.0000,0.0192,0.0377
chimanimani_s2_1223.h5,0,0,204,16180,0.0000,0.0000,0.0000,0.0000
chimanimani_s2_126.h5,3,151,52,16178,0.0146,0.0195,0.0545,0.0287
chimanimani_s2_1019.h5,0,0,203,16181,0.0000,0.0000,0.0000,0.0000
chimanimani_s2_1019.h5,86,64,138,16096,0.2986,0.5733,0.3839,0.4599
chimanimani_s2_126.h5,76,181,20,16107,0.2744,0.2957,0.7917,0.4306
chimanimani_s2_1019.h5,105,127,73,16079,0.3443,0.4526,0.5899,0.5122
chimanimani_s2_1390.h5,103,66,133,16082,0.3411,0.6095,0.4364,0.5086
chimanimani_s2_1041.h5,0,0,199,16185,0.0000,0.0000,0.0000,0.0000
chimanimani_s2_1019.h5,0,0,199,16185,0.0000,0.0000,0.0000,0.0000
chimanimani_s2_1041.h5,95,136,59,16094,0.3276,0.4113,0.6169,0.4935
chimanimani_s2_126.h5,7,5,190,16182,0.0347,0.5833,0.0355,0.0670
chimanimani_s2_126.h5,260,4,191,15929,0.5714,0.9848,0.5765,0.7273
chimanimani_s2_1019.h5,201,45,147,15991,0.5115,0.8171,0.5776,0.6768
chimanimani_s2_1295.h5,0,192,0,16192,0.0000,0.0000,0.0000,0.0000
chimanimani_s2_1390.h5,111,170,22,16081,0.3663,0.3950,0.8346,0.5362
chimanimani_s2_1223.h5,0,0,192,16192,0.0000,0.0000,0.0000,0.0000
chimanimani_s2_1264.h5,8,184,7,16185,0.0402,0.0417,0.5333,0.0773
chimanimani_s2_1222.h5,24,121,70,16169,0.1116,0.1655,0.2553,0.2008
chimanimani_s2_1041.h5,163,3,185,16033,0.4644,0.9819,0.4684,0.6342
chimanimani_s2_1019.h5,0,0,187,16197,0.0000,0.0000,0.0000,0.0000
chimanimani_s2_1295.h5,41,159,28,16156,0.1798,0.2050,0.5942,0.3048
chimanimani_s2_126.h5,223,0,185,15976,0.5466,1.0000,0.5466,0.7068
chimanimani_s2_1041.h5,0,0,184,16200,0.0000,0.0000,0.0000,0.0000
chimanimani_s2_1223.h5,61,180,4,16139,0.2490,0.2531,0.9385,0.3987
chimanimani_s2_1222.h5,336,128,56,15864,0.6462,0.7241,0.8571,0.7850
chimanimani_s2_1019.h5,5,42,141,16196,0.0266,0.1064,0.0342,0.0518
chimanimani_s2_1264.h5,0,0,183,16201,0.0000,0.0000,0.0000,0.0000
chimanimani_s2_1223.h5,0,163,19,16202,0.0000,0.0000,0.0000,0.0000
chimanimani_s2_1264.h5,0,0,182,16202,0.0000,0.0000,0.0000,0.0000
chimanimani_s2_126.h5,50,45,136,16153,0.2165,0.5263,0.2688,0.3559
chimanimani_s2_1223.h5,0,0,181,16203,0.0000,0.0000,0.0000,0.0000
chimanimani_s2_1041.h5,75,22,157,16130,0.2953,0.7732,0.3233,0.4559
chimanimani_s2_1019.h5,9,29,150,16196,0.0479,0.2368,0.0566,0.0914
chimanimani_s2_1295.h5,0,0,179,16205,0.0000,0.0000,0.0000,0.0000
chimanimani_s2_1222.h5,14,30,148,16192,0.0729,0.3182,0.0864,0.1359
chimanimani_s2_126.h5,54,143,35,16152,0.2328,0.2741,0.6067,0.3776
chimanimani_s2_126.h5,0,174,3,16207,0.0000,0.0000,0.0000,0.0000
chimanimani_s2_1041.h5,0,0,175,16209,0.0000,0.0000,0.0000,0.0000
chimanimani_s2_126.h5,6,48,127,16203,0.0331,0.1111,0.0451,0.0642
chimanimani_s2_1222.h5,0,4,170,16210,0.0000,0.0000,0.0000,0.0000
chimanimani_s2_1295.h5,0,173,0,16211,0.0000,0.0000,0.0000,0.0000
chimanimani_s2_1041.h5,550,74,99,15661,0.7607,0.8814,0.8475,0.8641
chimanimani_s2_1223.h5,0,142,30,16212,0.0000,0.0000,0.0000,0.0000
chimanimani_s2_1295.h5,245,161,10,15968,0.5889,0.6034,0.9608,0.7413
chimanimani_s2_1041.h5,183,76,95,16030,0.5169,0.7066,0.6583,0.6816
chimanimani_s2_1264.h5,0,0,170,16214,0.0000,0.0000,0.0000,0.0000
chimanimani_s2_1223.h5,0,0,169,16215,0.0000,0.0000,0.0000,0.0000
chimanimani_s2_1019.h5,227,149,18,15990,0.5761,0.6037,0.9265,0.7311
chimanimani_s2_1019.h5,245,65,101,15973,0.5961,0.7903,0.7081,0.7470
chimanimani_s2_126.h5,0,0,166,16218,0.0000,0.0000,0.0000,0.0000
chimanimani_s2_1223.h5,0,165,0,16219,0.0000,0.0000,0.0000,0.0000
chimanimani_s2_1041.h5,0,164,0,16220,0.0000,0.0000,0.0000,0.0000
chimanimani_s2_1019.h5,0,162,0,16222,0.0000,0.0000,0.0000,0.0000
chimanimani_s2_1390.h5,0,97,65,16222,0.0000,0.0000,0.0000,0.0000
chimanimani_s2_1222.h5,0,72,89,16223,0.0000,0.0000,0.0000,0.0000
chimanimani_s2_126.h5,0,0,160,16224,0.0000,0.0000,0.0000,0.0000
chimanimani_s2_1222.h5,88,0,158,16138,0.3577,1.0000,0.3577,0.5269
chimanimani_s2_126.h5,0,82,76,16226,0.0000,0.0000,0.0000,0.0000
chimanimani_s2_1295.h5,256,57,101,15970,0.6184,0.8179,0.7171,0.7642
chimanimani_s2_1223.h5,0,157,0,16227,0.0000,0.0000,0.0000,0.0000
chimanimani_s2_1295.h5,117,130,27,16110,0.4270,0.4737,0.8125,0.5985
chimanimani_s2_1223.h5,213,131,25,16015,0.5772,0.6192,0.8950,0.7320
chimanimani_s2_1019.h5,22,147,9,16206,0.1236,0.1302,0.7097,0.2200
chimanimani_s2_1390.h5,0,91,64,16229,0.0000,0.0000,0.0000,0.0000
chimanimani_s2_126.h5,0,0,155,16229,0.0000,0.0000,0.0000,0.0000
chimanimani_s2_1295.h5,0,108,45,16231,0.0000,0.0000,0.0000,0.0000
chimanimani_s2_1390.h5,213,20,131,16020,0.5852,0.9142,0.6192,0.7383
chimanimani_s2_1019.h5,120,143,6,16115,0.4461,0.4563,0.9524,0.6170
chimanimani_s2_1222.h5,144,7,142,16091,0.4915,0.9536,0.5035,0.6590
chimanimani_s2_1390.h5,0,0,149,16235,0.0000,0.0000,0.0000,0.0000
chimanimani_s2_1223.h5,0,2,146,16236,0.0000,0.0000,0.0000,0.0000
chimanimani_s2_1019.h5,0,0,148,16236,0.0000,0.0000,0.0000,0.0000
chimanimani_s2_1223.h5,177,146,2,16059,0.5446,0.5480,0.9888,0.7052
chimanimani_s2_1264.h5,48,69,78,16189,0.2462,0.4103,0.3810,0.3951
chimanimani_s2_1041.h5,0,147,0,16237,0.0000,0.0000,0.0000,0.0000
chimanimani_s2_1295.h5,100,79,68,16137,0.4049,0.5587,0.5952,0.5764
chimanimani_s2_1390.h5,8,16,131,16229,0.0516,0.3333,0.0576,0.0982
chimanimani_s2_1295.h5,48,43,103,16190,0.2474,0.5275,0.3179,0.3967
chimanimani_s2_1222.h5,4,143,2,16235,0.0268,0.0272,0.6667,0.0523
chimanimani_s2_126.h5,2,122,22,16238,0.0137,0.0161,0.0833,0.0270
chimanimani_s2_1222.h5,0,144,0,16240,0.0000,0.0000,0.0000,0.0000
chimanimani_s2_1264.h5,97,0,144,16143,0.4025,1.0000,0.4025,0.5740
chimanimani_s2_1019.h5,0,0,144,16240,0.0000,0.0000,0.0000,0.0000
chimanimani_s2_1390.h5,20,139,4,16221,0.1227,0.1258,0.8333,0.2186
chimanimani_s2_126.h5,0,0,143,16241,0.0000,0.0000,0.0000,0.0000
chimanimani_s2_1390.h5,0,109,33,16242,0.0000,0.0000,0.0000,0.0000
chimanimani_s2_1223.h5,0,110,32,16242,0.0000,0.0000,0.0000,0.0000
chimanimani_s2_126.h5,0,16,125,16243,0.0000,0.0000,0.0000,0.0000
chimanimani_s2_1264.h5,234,84,57,16009,0.6240,0.7358,0.8041,0.7685
chimanimani_s2_1041.h5,0,0,141,16243,0.0000,0.0000,0.0000,0.0000
chimanimani_s2_126.h5,0,72,66,16246,0.0000,0.0000,0.0000,0.0000
chimanimani_s2_1223.h5,0,0,137,16247,0.0000,0.0000,0.0000,0.0000
chimanimani_s2_1041.h5,0,38,96,16250,0.0000,0.0000,0.0000,0.0000
chimanimani_s2_1222.h5,113,0,134,16137,0.4575,1.0000,0.4575,0.6278
chimanimani_s2_1019.h5,0,0,134,16250,0.0000,0.0000,0.0000,0.0000
chimanimani_s2_1041.h5,33,0,134,16217,0.1976,1.0000,0.1976,0.3300
chimanimani_s2_126.h5,0,133,0,16251,0.0000,0.0000,0.0000,0.0000
chimanimani_s2_1041.h5,0,132,0,16252,0.0000,0.0000,0.0000,0.0000
chimanimani_s2_126.h5,6,41,91,16246,0.0435,0.1277,0.0619,0.0833
chimanimani_s2_1390.h5,0,6,124,16254,0.0000,0.0000,0.0000,0.0000
chimanimani_s2_1390.h5,44,120,10,16210,0.2529,0.2683,0.8148,0.4037
chimanimani_s2_1295.h5,0,0,130,16254,0.0000,0.0000,0.0000,0.0000
chimanimani_s2_1264.h5,0,0,130,16254,0.0000,0.0000,0.0000,0.0000
chimanimani_s2_1222.h5,105,5,124,16150,0.4487,0.9545,0.4585,0.6195
chimanimani_s2_1390.h5,14,92,35,16243,0.0993,0.1321,0.2857,0.1806
chimanimani_s2_1223.h5,77,0,127,16180,0.3775,1.0000,0.3775,0.5480
chimanimani_s2_1019.h5,0,0,124,16260,0.0000,0.0000,0.0000,0.0000
chimanimani_s2_1264.h5,90,123,0,16171,0.4225,0.4225,1.0000,0.5941
chimanimani_s2_1041.h5,68,79,43,16194,0.3579,0.4626,0.6126,0.5271
chimanimani_s2_1019.h5,28,26,94,16236,0.1892,0.5185,0.2295,0.3182
chimanimani_s2_1264.h5,0,119,0,16265,0.0000,0.0000,0.0000,0.0000
chimanimani_s2_1019.h5,0,0,118,16266,0.0000,0.0000,0.0000,0.0000
chimanimani_s2_1222.h5,0,44,72,16268,0.0000,0.0000,0.0000,0.0000
chimanimani_s2_126.h5,0,116,0,16268,0.0000,0.0000,0.0000,0.0000
chimanimani_s2_1041.h5,0,0,116,16268,0.0000,0.0000,0.0000,0.0000
chimanimani_s2_1223.h5,77,26,89,16192,0.4010,0.7476,0.4639,0.5725
chimanimani_s2_1041.h5,0,0,115,16269,0.0000,0.0000,0.0000,0.0000
chimanimani_s2_1019.h5,0,114,0,16270,0.0000,0.0000,0.0000,0.0000
chimanimani_s2_1041.h5,147,0,114,16123,0.5632,1.0000,0.5632,0.7206
chimanimani_s2_1223.h5,0,0,112,16272,0.0000,0.0000,0.0000,0.0000
chimanimani_s2_1019.h5,0,111,0,16273,0.0000,0.0000,0.0000,0.0000
chimanimani_s2_1295.h5,0,0,111,16273,0.0000,0.0000,0.0000,0.0000
chimanimani_s2_1222.h5,15,0,110,16259,0.1200,1.0000,0.1200,0.2143
chimanimani_s2_1222.h5,32,88,19,16245,0.2302,0.2667,0.6275,0.3743
chimanimani_s2_1222.h5,0,87,18,16279,0.0000,0.0000,0.0000,0.0000
chimanimani_s2_1390.h5,80,71,34,16199,0.4324,0.5298,0.7018,0.6038
chimanimani_s2_1295.h5,0,0,104,16280,0.0000,0.0000,0.0000,0.0000
chimanimani_s2_1295.h5,4,0,103,16277,0.0374,1.0000,0.0374,0.0721
chimanimani_s2_1222.h5,0,103,0,16281,0.0000,0.0000,0.0000,0.0000
chimanimani_s2_126.h5,0,46,55,16283,0.0000,0.0000,0.0000,0.0000
chimanimani_s2_1222.h5,0,43,57,16284,0.0000,0.0000,0.0000,0.0000
chimanimani_s2_1295.h5,10,8,92,16274,0.0909,0.5556,0.0980,0.1667
chimanimani_s2_1223.h5,0,29,70,16285,0.0000,0.0000,0.0000,0.0000
chimanimani_s2_1295.h5,1,36,62,16285,0.0101,0.0270,0.0159,0.0200
chimanimani_s2_1295.h5,99,75,23,16187,0.5025,0.5690,0.8115,0.6689
chimanimani_s2_126.h5,0,98,0,16286,0.0000,0.0000,0.0000,0.0000
chimanimani_s2_1264.h5,41,3,94,16246,0.2971,0.9318,0.3037,0.4581
chimanimani_s2_1222.h5,0,0,97,16287,0.0000,0.0000,0.0000,0.0000
chimanimani_s2_1390.h5,89,43,53,16199,0.4811,0.6742,0.6268,0.6496
chimanimani_s2_1390.h5,33,0,96,16255,0.2558,1.0000,0.2558,0.4074
chimanimani_s2_1264.h5,4,0,93,16287,0.0412,1.0000,0.0412,0.0792
chimanimani_s2_1222.h5,33,8,83,16260,0.2661,0.8049,0.2845,0.4204
chimanimani_s2_1222.h5,0,0,91,16293,0.0000,0.0000,0.0000,0.0000
chimanimani_s2_126.h5,0,0,90,16294,0.0000,0.0000,0.0000,0.0000
chimanimani_s2_1041.h5,0,90,0,16294,0.0000,0.0000,0.0000,0.0000
chimanimani_s2_1019.h5,0,89,0,16295,0.0000,0.0000,0.0000,0.0000
chimanimani_s2_1019.h5,46,76,13,16249,0.3407,0.3770,0.7797,0.5083
chimanimani_s2_1019.h5,0,0,89,16295,0.0000,0.0000,0.0000,0.0000
chimanimani_s2_1222.h5,0,65,23,16296,0.0000,0.0000,0.0000,0.0000
chimanimani_s2_1222.h5,52,1,87,16244,0.3714,0.9811,0.3741,0.5417
chimanimani_s2_1222.h5,0,0,87,16297,0.0000,0.0000,0.0000,0.0000
chimanimani_s2_1019.h5,4,2,83,16295,0.0449,0.6667,0.0460,0.0860
chimanimani_s2_1222.h5,1,5,79,16299,0.0118,0.1667,0.0125,0.0233
chimanimani_s2_1390.h5,15,15,69,16285,0.1515,0.5000,0.1786,0.2632
chimanimani_s2_1019.h5,0,83,0,16301,0.0000,0.0000,0.0000,0.0000
chimanimani_s2_1264.h5,0,82,0,16302,0.0000,0.0000,0.0000,0.0000
chimanimani_s2_1295.h5,37,20,60,16267,0.3162,0.6491,0.3814,0.4805
chimanimani_s2_1295.h5,0,0,79,16305,0.0000,0.0000,0.0000,0.0000
chimanimani_s2_1041.h5,0,0,79,16305,0.0000,0.0000,0.0000,0.0000
chimanimani_s2_1390.h5,0,77,0,16307,0.0000,0.0000,0.0000,0.0000
chimanimani_s2_1264.h5,11,16,61,16296,0.1250,0.4074,0.1528,0.2222
chimanimani_s2_1041.h5,1,0,77,16306,0.0128,1.0000,0.0128,0.0253
chimanimani_s2_1295.h5,71,3,74,16236,0.4797,0.9595,0.4897,0.6484
chimanimani_s2_1041.h5,0,31,45,16308,0.0000,0.0000,0.0000,0.0000
chimanimani_s2_1223.h5,12,12,63,16297,0.1379,0.5000,0.1600,0.2424
chimanimani_s2_1264.h5,0,75,0,16309,0.0000,0.0000,0.0000,0.0000
chimanimani_s2_126.h5,62,74,0,16248,0.4559,0.4559,1.0000,0.6263
chimanimani_s2_1222.h5,0,0,74,16310,0.0000,0.0000,0.0000,0.0000
chimanimani_s2_126.h5,0,72,0,16312,0.0000,0.0000,0.0000,0.0000
chimanimani_s2_1223.h5,0,71,0,16313,0.0000,0.0000,0.0000,0.0000
chimanimani_s2_1295.h5,0,0,71,16313,0.0000,0.0000,0.0000,0.0000
chimanimani_s2_1390.h5,0,70,0,16314,0.0000,0.0000,0.0000,0.0000
chimanimani_s2_1019.h5,40,0,70,16274,0.3636,1.0000,0.3636,0.5333
chimanimani_s2_1223.h5,0,70,0,16314,0.0000,0.0000,0.0000,0.0000
chimanimani_s2_1019.h5,74,31,38,16241,0.5175,0.7048,0.6607,0.6820
chimanimani_s2_1223.h5,0,47,21,16316,0.0000,0.0000,0.0000,0.0000
chimanimani_s2_1390.h5,0,67,0,16317,0.0000,0.0000,0.0000,0.0000
chimanimani_s2_1295.h5,32,17,49,16286,0.3265,0.6531,0.3951,0.4923
chimanimani_s2_1264.h5,0,66,0,16318,0.0000,0.0000,0.0000,0.0000
chimanimani_s2_1390.h5,0,5,61,16318,0.0000,0.0000,0.0000,0.0000
chimanimani_s2_1222.h5,52,9,57,16266,0.4407,0.8525,0.4771,0.6118
chimanimani_s2_1222.h5,33,66,0,16285,0.3333,0.3333,1.0000,0.5000
chimanimani_s2_126.h5,0,0,65,16319,0.0000,0.0000,0.0000,0.0000
chimanimani_s2_1295.h5,0,4,61,16319,0.0000,0.0000,0.0000,0.0000
chimanimani_s2_1222.h5,0,50,14,16320,0.0000,0.0000,0.0000,0.0000
chimanimani_s2_1264.h5,0,0,64,16320,0.0000,0.0000,0.0000,0.0000
chimanimani_s2_1390.h5,0,64,0,16320,0.0000,0.0000,0.0000,0.0000
chimanimani_s2_1223.h5,0,3,61,16320,0.0000,0.0000,0.0000,0.0000
chimanimani_s2_1390.h5,0,0,64,16320,0.0000,0.0000,0.0000,0.0000
chimanimani_s2_1041.h5,45,52,11,16276,0.4167,0.4639,0.8036,0.5882
chimanimani_s2_126.h5,0,62,0,16322,0.0000,0.0000,0.0000,0.0000
chimanimani_s2_1264.h5,0,62,0,16322,0.0000,0.0000,0.0000,0.0000
chimanimani_s2_1264.h5,0,59,0,16325,0.0000,0.0000,0.0000,0.0000
chimanimani_s2_1041.h5,0,58,0,16326,0.0000,0.0000,0.0000,0.0000
chimanimani_s2_1222.h5,0,0,58,16326,0.0000,0.0000,0.0000,0.0000
chimanimani_s2_1222.h5,1,0,56,16327,0.0175,1.0000,0.0175,0.0345
chimanimani_s2_1019.h5,0,1,53,16330,0.0000,0.0000,0.0000,0.0000
chimanimani_s2_1222.h5,0,35,18,16331,0.0000,0.0000,0.0000,0.0000
chimanimani_s2_1264.h5,5,31,22,16326,0.0862,0.1389,0.1852,0.1587
chimanimani_s2_1264.h5,47,0,53,16284,0.4700,1.0000,0.4700,0.6395
chimanimani_s2_1264.h5,0,45,7,16332,0.0000,0.0000,0.0000,0.0000
chimanimani_s2_1019.h5,0,1,49,16334,0.0000,0.0000,0.0000,0.0000
chimanimani_s2_1019.h5,0,0,50,16334,0.0000,0.0000,0.0000,0.0000
chimanimani_s2_1223.h5,2,1,48,16333,0.0392,0.6667,0.0400,0.0755
chimanimani_s2_1390.h5,86,22,26,16250,0.6418,0.7963,0.7679,0.7818
chimanimani_s2_1223.h5,0,0,48,16336,0.0000,0.0000,0.0000,0.0000
chimanimani_s2_1264.h5,7,9,37,16331,0.1321,0.4375,0.1591,0.2333
chimanimani_s2_1019.h5,21,5,41,16317,0.3134,0.8077,0.3387,0.4773
chimanimani_s2_126.h5,0,0,46,16338,0.0000,0.0000,0.0000,0.0000
chimanimani_s2_1041.h5,0,44,0,16340,0.0000,0.0000,0.0000,0.0000
chimanimani_s2_1041.h5,0,0,44,16340,0.0000,0.0000,0.0000,0.0000
chimanimani_s2_1264.h5,0,0,44,16340,0.0000,0.0000,0.0000,0.0000
chimanimani_s2_1264.h5,0,38,5,16341,0.0000,0.0000,0.0000,0.0000
chimanimani_s2_1223.h5,0,43,0,16341,0.0000,0.0000,0.0000,0.0000
chimanimani_s2_1223.h5,0,0,43,16341,0.0000,0.0000,0.0000,0.0000
chimanimani_s2_1390.h5,0,37,5,16342,0.0000,0.0000,0.0000,0.0000
chimanimani_s2_1222.h5,0,0,42,16342,0.0000,0.0000,0.0000,0.0000
chimanimani_s2_1041.h5,0,0,42,16342,0.0000,0.0000,0.0000,0.0000
chimanimani_s2_1264.h5,0,41,0,16343,0.0000,0.0000,0.0000,0.0000
chimanimani_s2_1223.h5,0,41,0,16343,0.0000,0.0000,0.0000,0.0000
chimanimani_s2_1390.h5,0,38,3,16343,0.0000,0.0000,0.0000,0.0000
chimanimani_s2_1019.h5,9,0,41,16334,0.1800,1.0000,0.1800,0.3051
chimanimani_s2_1390.h5,0,0,41,16343,0.0000,0.0000,0.0000,0.0000
chimanimani_s2_1041.h5,0,40,0,16344,0.0000,0.0000,0.0000,0.0000
chimanimani_s2_1390.h5,0,39,0,16345,0.0000,0.0000,0.0000,0.0000
chimanimani_s2_126.h5,16,0,39,16329,0.2909,1.0000,0.2909,0.4507
chimanimani_s2_126.h5,0,0,38,16346,0.0000,0.0000,0.0000,0.0000
chimanimani_s2_1019.h5,0,0,37,16347,0.0000,0.0000,0.0000,0.0000
chimanimani_s2_126.h5,0,30,7,16347,0.0000,0.0000,0.0000,0.0000
chimanimani_s2_1222.h5,0,37,0,16347,0.0000,0.0000,0.0000,0.0000
chimanimani_s2_1019.h5,0,4,33,16347,0.0000,0.0000,0.0000,0.0000
chimanimani_s2_1019.h5,91,36,0,16257,0.7165,0.7165,1.0000,0.8349
chimanimani_s2_1295.h5,0,36,0,16348,0.0000,0.0000,0.0000,0.0000
chimanimani_s2_1041.h5,0,35,0,16349,0.0000,0.0000,0.0000,0.0000
chimanimani_s2_1041.h5,21,29,5,16329,0.3818,0.4200,0.8077,0.5526
chimanimani_s2_126.h5,0,34,0,16350,0.0000,0.0000,0.0000,0.0000
chimanimani_s2_1222.h5,20,17,17,16330,0.3704,0.5405,0.5405,0.5405
chimanimani_s2_1019.h5,0,0,34,16350,0.0000,0.0000,0.0000,0.0000
chimanimani_s2_1390.h5,0,10,24,16350,0.0000,0.0000,0.0000,0.0000
chimanimani_s2_1041.h5,0,5,28,16351,0.0000,0.0000,0.0000,0.0000
chimanimani_s2_1390.h5,0,0,32,16352,0.0000,0.0000,0.0000,0.0000
chimanimani_s2_1390.h5,0,0,32,16352,0.0000,0.0000,0.0000,0.0000
chimanimani_s2_1390.h5,8,8,23,16345,0.2051,0.5000,0.2581,0.3404
chimanimani_s2_1041.h5,0,11,20,16353,0.0000,0.0000,0.0000,0.0000
chimanimani_s2_1041.h5,0,0,31,16353,0.0000,0.0000,0.0000,0.0000
chimanimani_s2_1390.h5,0,30,0,16354,0.0000,0.0000,0.0000,0.0000
chimanimani_s2_126.h5,6,10,19,16349,0.1714,0.3750,0.2400,0.2927
chimanimani_s2_1041.h5,0,0,29,16355,0.0000,0.0000,0.0000,0.0000
chimanimani_s2_1222.h5,0,7,22,16355,0.0000,0.0000,0.0000,0.0000
chimanimani_s2_1041.h5,0,28,0,16356,0.0000,0.0000,0.0000,0.0000
chimanimani_s2_1223.h5,0,0,27,16357,0.0000,0.0000,0.0000,0.0000
chimanimani_s2_1019.h5,0,27,0,16357,0.0000,0.0000,0.0000,0.0000
chimanimani_s2_1390.h5,6,26,1,16351,0.1818,0.1875,0.8571,0.3077
chimanimani_s2_1222.h5,0,27,0,16357,0.0000,0.0000,0.0000,0.0000
chimanimani_s2_1223.h5,0,26,0,16358,0.0000,0.0000,0.0000,0.0000
chimanimani_s2_1295.h5,0,26,0,16358,0.0000,0.0000,0.0000,0.0000
chimanimani_s2_1264.h5,0,24,0,16360,0.0000,0.0000,0.0000,0.0000
chimanimani_s2_1390.h5,58,2,22,16302,0.7073,0.9667,0.7250,0.8286
chimanimani_s2_1295.h5,0,23,0,16361,0.0000,0.0000,0.0000,0.0000
chimanimani_s2_126.h5,0,0,23,16361,0.0000,0.0000,0.0000,0.0000
chimanimani_s2_1295.h5,0,23,0,16361,0.0000,0.0000,0.0000,0.0000
chimanimani_s2_1019.h5,0,0,22,16362,0.0000,0.0000,0.0000,0.0000
chimanimani_s2_1264.h5,0,0,22,16362,0.0000,0.0000,0.0000,0.0000
chimanimani_s2_1295.h5,0,21,0,16363,0.0000,0.0000,0.0000,0.0000
chimanimani_s2_1390.h5,4,17,4,16359,0.1600,0.1905,0.5000,0.2759
chimanimani_s2_1223.h5,82,4,17,16281,0.7961,0.9535,0.8283,0.8865
chimanimani_s2_1295.h5,6,0,21,16357,0.2222,1.0000,0.2222,0.3636
chimanimani_s2_1223.h5,0,8,12,16364,0.0000,0.0000,0.0000,0.0000
chimanimani_s2_1041.h5,0,20,0,16364,0.0000,0.0000,0.0000,0.0000
chimanimani_s2_1223.h5,0,0,20,16364,0.0000,0.0000,0.0000,0.0000
chimanimani_s2_1295.h5,0,0,19,16365,0.0000,0.0000,0.0000,0.0000
chimanimani_s2_1223.h5,0,19,0,16365,0.0000,0.0000,0.0000,0.0000
chimanimani_s2_1264.h5,0,12,7,16365,0.0000,0.0000,0.0000,0.0000
chimanimani_s2_1295.h5,0,0,18,16366,0.0000,0.0000,0.0000,0.0000
chimanimani_s2_1222.h5,0,0,18,16366,0.0000,0.0000,0.0000,0.0000
chimanimani_s2_1223.h5,0,17,0,16367,0.0000,0.0000,0.0000,0.0000
chimanimani_s2_1264.h5,0,15,2,16367,0.0000,0.0000,0.0000,0.0000
chimanimani_s2_1222.h5,0,0,16,16368,0.0000,0.0000,0.0000,0.0000
chimanimani_s2_1222.h5,0,15,0,16369,0.0000,0.0000,0.0000,0.0000
chimanimani_s2_1019.h5,50,3,12,16319,0.7692,0.9434,0.8065,0.8696
chimanimani_s2_1264.h5,0,14,0,16370,0.0000,0.0000,0.0000,0.0000
chimanimani_s2_126.h5,0,0,11,16373,0.0000,0.0000,0.0000,0.0000
chimanimani_s2_126.h5,0,0,11,16373,0.0000,0.0000,0.0000,0.0000
chimanimani_s2_1295.h5,0,10,0,16374,0.0000,0.0000,0.0000,0.0000
chimanimani_s2_126.h5,0,10,0,16374,0.0000,0.0000,0.0000,0.0000
chimanimani_s2_1390.h5,0,10,0,16374,0.0000,0.0000,0.0000,0.0000
chimanimani_s2_1041.h5,0,10,0,16374,0.0000,0.0000,0.0000,0.0000
chimanimani_s2_1019.h5,0,9,0,16375,0.0000,0.0000,0.0000,0.0000
chimanimani_s2_1041.h5,0,8,0,16376,0.0000,0.0000,0.0000,0.0000
chimanimani_s2_1222.h5,0,7,0,16377,0.0000,0.0000,0.0000,0.0000
chimanimani_s2_1295.h5,0,0,7,16377,0.0000,0.0000,0.0000,0.0000
chimanimani_s2_1295.h5,0,0,7,16377,0.0000,0.0000,0.0000,0.0000
chimanimani_s2_126.h5,0,6,0,16378,0.0000,0.0000,0.0000,0.0000
chimanimani_s2_1019.h5,0,6,0,16378,0.0000,0.0000,0.0000,0.0000
chimanimani_s2_1264.h5,21,1,5,16357,0.7778,0.9545,0.8077,0.8750
chimanimani_s2_1019.h5,0,0,6,16378,0.0000,0.0000,0.0000,0.0000
chimanimani_s2_1222.h5,0,5,0,16379,0.0000,0.0000,0.0000,0.0000
chimanimani_s2_1222.h5,0,5,0,16379,0.0000,0.0000,0.0000,0.0000
chimanimani_s2_1223.h5,0,5,0,16379,0.0000,0.0000,0.0000,0.0000
chimanimani_s2_1019.h5,0,0,5,16379,0.0000,0.0000,0.0000,0.0000
chimanimani_s2_1390.h5,0,5,0,16379,0.0000,0.0000,0.0000,0.0000
chimanimani_s2_126.h5,0,5,0,16379,0.0000,0.0000,0.0000,0.0000
chimanimani_s2_1264.h5,0,0,5,16379,0.0000,0.0000,0.0000,0.0000
chimanimani_s2_1041.h5,0,0,5,16379,0.0000,0.0000,0.0000,0.0000
chimanimani_s2_1019.h5,0,0,5,16379,0.0000,0.0000,0.0000,0.0000
chimanimani_s2_1222.h5,0,4,0,16380,0.0000,0.0000,0.0000,0.0000
chimanimani_s2_1264.h5,0,0,4,16380,0.0000,0.0000,0.0000,0.0000
chimanimani_s2_1019.h5,0,0,4,16380,0.0000,0.0000,0.0000,0.0000
chimanimani_s2_1222.h5,0,3,0,16381,0.0000,0.0000,0.0000,0.0000
chimanimani_s2_1041.h5,0,2,0,16382,0.0000,0.0000,0.0000,0.0000
chimanimani_s2_1223.h5,0,2,0,16382,0.0000,0.0000,0.0000,0.0000
chimanimani_s2_1222.h5,0,0,2,16382,0.0000,0.0000,0.0000,0.0000
chimanimani_s2_1295.h5,0,1,0,16383,0.0000,0.0000,0.0000,0.0000
chimanimani_s2_1295.h5,0,1,0,16383,0.0000,0.0000,0.0000,0.0000
chimanimani_s2_1019.h5,0,1,0,16383,0.0000,0.0000,0.0000,0.0000
chimanimani_s2_1264.h5,0,1,0,16383,0.0000,0.0000,0.0000,0.0000
chimanimani_s2_1264.h5,0,1,0,16383,0.0000,0.0000,0.0000,0.0000
chimanimani_s2_1295.h5,0,1,0,16383,0.0000,0.0000,0.0000,0.0000
chimanimani_s2_1222.h5,0,0,0,16384,0.0000,0.0000,0.0000,0.0000
chimanimani_s2_1223.h5,0,0,0,16384,0.0000,0.0000,0.0000,0.0000
chimanimani_s2_126.h5,0,0,0,16384,0.0000,0.0000,0.0000,0.0000
chimanimani_s2_1295.h5,0,0,0,16384,0.0000,0.0000,0.0000,0.0000
chimanimani_s2_1390.h5,0,0,0,16384,0.0000,0.0000,0.0000,0.0000
chimanimani_s2_1019.h5,0,0,0,16384,0.0000,0.0000,0.0000,0.0000
chimanimani_s2_1222.h5,0,0,0,16384,0.0000,0.0000,0.0000,0.0000
chimanimani_s2_1223.h5,0,0,0,16384,0.0000,0.0000,0.0000,0.0000
chimanimani_s2_126.h5,0,0,0,16384,0.0000,0.0000,0.0000,0.0000
chimanimani_s2_1019.h5,0,0,0,16384,0.0000,0.0000,0.0000,0.0000
chimanimani_s2_1041.h5,0,0,0,16384,0.0000,0.0000,0.0000,0.0000
chimanimani_s2_126.h5,0,0,0,16384,0.0000,0.0000,0.0000,0.0000
chimanimani_s2_1264.h5,0,0,0,16384,0.0000,0.0000,0.0000,0.0000
chimanimani_s2_1295.h5,0,0,0,16384,0.0000,0.0000,0.0000,0.0000
chimanimani_s2_1390.h5,0,0,0,16384,0.0000,0.0000,0.0000,0.0000
chimanimani_s2_1019.h5,0,0,0,16384,0.0000,0.0000,0.0000,0.0000
chimanimani_s2_1041.h5,0,0,0,16384,0.0000,0.0000,0.0000,0.0000
chimanimani_s2_1222.h5,0,0,0,16384,0.0000,0.0000,0.0000,0.0000
chimanimani_s2_1223.h5,0,0,0,16384,0.0000,0.0000,0.0000,0.0000
chimanimani_s2_126.h5,0,0,0,16384,0.0000,0.0000,0.0000,0.0000
chimanimani_s2_1264.h5,0,0,0,16384,0.0000,0.0000,0.0000,0.0000
chimanimani_s2_1295.h5,0,0,0,16384,0.0000,0.0000,0.0000,0.0000
chimanimani_s2_1390.h5,0,0,0,16384,0.0000,0.0000,0.0000,0.0000
chimanimani_s2_1019.h5,0,0,0,16384,0.0000,0.0000,0.0000,0.0000
chimanimani_s2_1222.h5,0,0,0,16384,0.0000,0.0000,0.0000,0.0000
chimanimani_s2_1223.h5,0,0,0,16384,0.0000,0.0000,0.0000,0.0000
chimanimani_s2_126.h5,0,0,0,16384,0.0000,0.0000,0.0000,0.0000
chimanimani_s2_1264.h5,0,0,0,16384,0.0000,0.0000,0.0000,0.0000
chimanimani_s2_1390.h5,0,0,0,16384,0.0000,0.0000,0.0000,0.0000
chimanimani_s2_126.h5,0,0,0,16384,0.0000,0.0000,0.0000,0.0000
chimanimani_s2_1390.h5,0,0,0,16384,0.0000,0.0000,0.0000,0.0000
chimanimani_s2_1019.h5,0,0,0,16384,0.0000,0.0000,0.0000,0.0000
chimanimani_s2_1041.h5,0,0,0,16384,0.0000,0.0000,0.0000,0.0000
chimanimani_s2_1222.h5,0,0,0,16384,0.0000,0.0000,0.0000,0.0000
chimanimani_s2_1223.h5,0,0,0,16384,0.0000,0.0000,0.0000,0.0000
chimanimani_s2_126.h5,0,0,0,16384,0.0000,0.0000,0.0000,0.0000
chimanimani_s2_1264.h5,0,0,0,16384,0.0000,0.0000,0.0000,0.0000
chimanimani_s2_1295.h5,0,0,0,16384,0.0000,0.0000,0.0000,0.0000
chimanimani_s2_1390.h5,0,0,0,16384,0.0000,0.0000,0.0000,0.0000
chimanimani_s2_1019.h5,0,0,0,16384,0.0000,0.0000,0.0000,0.0000
chimanimani_s2_1222.h5,0,0,0,16384,0.0000,0.0000,0.0000,0.0000
chimanimani_s2_1223.h5,0,0,0,16384,0.0000,0.0000,0.0000,0.0000
chimanimani_s2_126.h5,0,0,0,16384,0.0000,0.0000,0.0000,0.0000
chimanimani_s2_1264.h5,0,0,0,16384,0.0000,0.0000,0.0000,0.0000
chimanimani_s2_1295.h5,0,0,0,16384,0.0000,0.0000,0.0000,0.0000
chimanimani_s2_1390.h5,0,0,0,16384,0.0000,0.0000,0.0000,0.0000
chimanimani_s2_1019.h5,0,0,0,16384,0.0000,0.0000,0.0000,0.0000
chimanimani_s2_1041.h5,0,0,0,16384,0.0000,0.0000,0.0000,0.0000
chimanimani_s2_1222.h5,0,0,0,16384,0.0000,0.0000,0.0000,0.0000
chimanimani_s2_1223.h5,0,0,0,16384,0.0000,0.0000,0.0000,0.0000
chimanimani_s2_126.h5,0,0,0,16384,0.0000,0.0000,0.0000,0.0000
chimanimani_s2_1264.h5,0,0,0,16384,0.0000,0.0000,0.0000,0.0000
chimanimani_s2_1295.h5,0,0,0,16384,0.0000,0.0000,0.0000,0.0000
chimanimani_s2_1390.h5,0,0,0,16384,0.0000,0.0000,0.0000,0.0000
chimanimani_s2_1019.h5,0,0,0,16384,0.0000,0.0000,0.0000,0.0000
chimanimani_s2_1041.h5,0,0,0,16384,0.0000,0.0000,0.0000,0.0000
chimanimani_s2_1222.h5,0,0,0,16384,0.0000,0.0000,0.0000,0.0000
chimanimani_s2_1223.h5,0,0,0,16384,0.0000,0.0000,0.0000,0.0000
chimanimani_s2_126.h5,0,0,0,16384,0.0000,0.0000,0.0000,0.0000
chimanimani_s2_1264.h5,0,0,0,16384,0.0000,0.0000,0.0000,0.0000
chimanimani_s2_1295.h5,0,0,0,16384,0.0000,0.0000,0.0000,0.0000
chimanimani_s2_1390.h5,0,0,0,16384,0.0000,0.0000,0.0000,0.0000
chimanimani_s2_1019.h5,0,0,0,16384,0.0000,0.0000,0.0000,0.0000
chimanimani_s2_1041.h5,0,0,0,16384,0.0000,0.0000,0.0000,0.0000
chimanimani_s2_1222.h5,0,0,0,16384,0.0000,0.0000,0.0000,0.0000
chimanimani_s2_1223.h5,0,0,0,16384,0.0000,0.0000,0.0000,0.0000
chimanimani_s2_126.h5,0,0,0,16384,0.0000,0.0000,0.0000,0.0000
chimanimani_s2_1264.h5,0,0,0,16384,0.0000,0.0000,0.0000,0.0000
chimanimani_s2_1295.h5,0,0,0,16384,0.0000,0.0000,0.0000,0.0000
chimanimani_s2_1390.h5,0,0,0,16384,0.0000,0.0000,0.0000,0.0000
chimanimani_s2_1019.h5,0,0,0,16384,0.0000,0.0000,0.0000,0.0000
chimanimani_s2_1041.h5,0,0,0,16384,0.0000,0.0000,0.0000,0.0000
chimanimani_s2_1222.h5,0,0,0,16384,0.0000,0.0000,0.0000,0.0000
chimanimani_s2_1223.h5,0,0,0,16384,0.0000,0.0000,0.0000,0.0000
chimanimani_s2_126.h5,0,0,0,16384,0.0000,0.0000,0.0000,0.0000
chimanimani_s2_1264.h5,0,0,0,16384,0.0000,0.0000,0.0000,0.0000
chimanimani_s2_1295.h5,0,0,0,16384,0.0000,0.0000,0.0000,0.0000
chimanimani_s2_1390.h5,0,0,0,16384,0.0000,0.0000,0.0000,0.0000
chimanimani_s2_1019.h5,0,0,0,16384,0.0000,0.0000,0.0000,0.0000
chimanimani_s2_1223.h5,0,0,0,16384,0.0000,0.0000,0.0000,0.0000
chimanimani_s2_126.h5,0,0,0,16384,0.0000,0.0000,0.0000,0.0000
chimanimani_s2_1390.h5,0,0,0,16384,0.0000,0.0000,0.0000,0.0000
chimanimani_s2_1019.h5,0,0,0,16384,0.0000,0.0000,0.0000,0.0000
chimanimani_s2_1222.h5,0,0,0,16384,0.0000,0.0000,0.0000,0.0000
chimanimani_s2_126.h5,0,0,0,16384,0.0000,0.0000,0.0000,0.0000
chimanimani_s2_1264.h5,0,0,0,16384,0.0000,0.0000,0.0000,0.0000
chimanimani_s2_1019.h5,0,0,0,16384,0.0000,0.0000,0.0000,0.0000
chimanimani_s2_1223.h5,0,0,0,16384,0.0000,0.0000,0.0000,0.0000
chimanimani_s2_1264.h5,0,0,0,16384,0.0000,0.0000,0.0000,0.0000
chimanimani_s2_1390.h5,0,0,0,16384,0.0000,0.0000,0.0000,0.0000
chimanimani_s2_1222.h5,0,0,0,16384,0.0000,0.0000,0.0000,0.0000
chimanimani_s2_1041.h5,0,0,0,16384,0.0000,0.0000,0.0000,0.0000
chimanimani_s2_1264.h5,0,0,0,16384,0.0000,0.0000,0.0000,0.0000
chimanimani_s2_1295.h5,0,0,0,16384,0.0000,0.0000,0.0000,0.0000
chimanimani_s2_126.h5,0,0,0,16384,0.0000,0.0000,0.0000,0.0000
chimanimani_s2_126.h5,0,0,0,16384,0.0000,0.0000,0.0000,0.0000
chimanimani_s2_1264.h5,0,0,0,16384,0.0000,0.0000,0.0000,0.0000
chimanimani_s2_1223.h5,0,0,0,16384,0.0000,0.0000,0.0000,0.0000
chimanimani_s2_1223.h5,0,0,0,16384,0.0000,0.0000,0.0000,0.0000
chimanimani_s2_1264.h5,0,0,0,16384,0.0000,0.0000,0.0000,0.0000
chimanimani_s2_1295.h5,0,0,0,16384,0.0000,0.0000,0.0000,0.0000
chimanimani_s2_1390.h5,0,0,0,16384,0.0000,0.0000,0.0000,0.0000
chimanimani_s2_1019.h5,0,0,0,16384,0.0000,0.0000,0.0000,0.0000
chimanimani_s2_1222.h5,0,0,0,16384,0.0000,0.0000,0.0000,0.0000
chimanimani_s2_1223.h5,0,0,0,16384,0.0000,0.0000,0.0000,0.0000
chimanimani_s2_126.h5,0,0,0,16384,0.0000,0.0000,0.0000,0.0000
chimanimani_s2_1264.h5,0,0,0,16384,0.0000,0.0000,0.0000,0.0000
chimanimani_s2_1295.h5,0,0,0,16384,0.0000,0.0000,0.0000,0.0000
chimanimani_s2_1390.h5,0,0,0,16384,0.0000,0.0000,0.0000,0.0000
chimanimani_s2_1019.h5,0,0,0,16384,0.0000,0.0000,0.0000,0.0000
chimanimani_s2_1041.h5,0,0,0,16384,0.0000,0.0000,0.0000,0.0000
chimanimani_s2_1223.h5,0,0,0,16384,0.0000,0.0000,0.0000,0.0000
chimanimani_s2_126.h5,0,0,0,16384,0.0000,0.0000,0.0000,0.0000
chimanimani_s2_1264.h5,0,0,0,16384,0.0000,0.0000,0.0000,0.0000
chimanimani_s2_1295.h5,0,0,0,16384,0.0000,0.0000,0.0000,0.0000
chimanimani_s2_1019.h5,0,0,0,16384,0.0000,0.0000,0.0000,0.0000
chimanimani_s2_1041.h5,0,0,0,16384,0.0000,0.0000,0.0000,0.0000
chimanimani_s2_1222.h5,0,0,0,16384,0.0000,0.0000,0.0000,0.0000
chimanimani_s2_1223.h5,0,0,0,16384,0.0000,0.0000,0.0000,0.0000
chimanimani_s2_126.h5,0,0,0,16384,0.0000,0.0000,0.0000,0.0000
chimanimani_s2_1264.h5,0,0,0,16384,0.0000,0.0000,0.0000,0.0000
chimanimani_s2_1295.h5,0,0,0,16384,0.0000,0.0000,0.0000,0.0000
chimanimani_s2_1390.h5,0,0,0,16384,0.0000,0.0000,0.0000,0.0000
chimanimani_s2_1019.h5,0,0,0,16384,0.0000,0.0000,0.0000,0.0000
chimanimani_s2_1041.h5,0,0,0,16384,0.0000,0.0000,0.0000,0.0000
chimanimani_s2_1222.h5,0,0,0,16384,0.0000,0.0000,0.0000,0.0000
chimanimani_s2_1223.h5,0,0,0,16384,0.0000,0.0000,0.0000,0.0000
chimanimani_s2_126.h5,0,0,0,16384,0.0000,0.0000,0.0000,0.0000
chimanimani_s2_1295.h5,0,0,0,16384,0.0000,0.0000,0.0000,0.0000
chimanimani_s2_1390.h5,0,0,0,16384,0.0000,0.0000,0.0000,0.0000
chimanimani_s2_1041.h5,0,0,0,16384,0.0000,0.0000,0.0000,0.0000
chimanimani_s2_1222.h5,0,0,0,16384,0.0000,0.0000,0.0000,0.0000
chimanimani_s2_1223.h5,0,0,0,16384,0.0000,0.0000,0.0000,0.0000
chimanimani_s2_126.h5,0,0,0,16384,0.0000,0.0000,0.0000,0.0000
chimanimani_s2_1264.h5,0,0,0,16384,0.0000,0.0000,0.0000,0.0000
chimanimani_s2_1295.h5,0,0,0,16384,0.0000,0.0000,0.0000,0.0000
chimanimani_s2_1390.h5,0,0,0,16384,0.0000,0.0000,0.0000,0.0000
chimanimani_s2_1019.h5,0,0,0,16384,0.0000,0.0000,0.0000,0.0000
chimanimani_s2_1041.h5,0,0,0,16384,0.0000,0.0000,0.0000,0.0000
chimanimani_s2_1222.h5,0,0,0,16384,0.0000,0.0000,0.0000,0.0000
chimanimani_s2_1223.h5,0,0,0,16384,0.0000,0.0000,0.0000,0.0000
chimanimani_s2_126.h5,0,0,0,16384,0.0000,0.0000,0.0000,0.0000
chimanimani_s2_1264.h5,0,0,0,16384,0.0000,0.0000,0.0000,0.0000
chimanimani_s2_1295.h5,0,0,0,16384,0.0000,0.0000,0.0000,0.0000
chimanimani_s2_1390.h5,0,0,0,16384,0.0000,0.0000,0.0000,0.0000
chimanimani_s2_1041.h5,0,0,0,16384,0.0000,0.0000,0.0000,0.0000
chimanimani_s2_1222.h5,0,0,0,16384,0.0000,0.0000,0.0000,0.0000
chimanimani_s2_1223.h5,0,0,0,16384,0.0000,0.0000,0.0000,0.0000
chimanimani_s2_126.h5,0,0,0,16384,0.0000,0.0000,0.0000,0.0000
chimanimani_s2_1264.h5,0,0,0,16384,0.0000,0.0000,0.0000,0.0000
chimanimani_s2_1295.h5,0,0,0,16384,0.0000,0.0000,0.0000,0.0000
chimanimani_s2_1390.h5,0,0,0,16384,0.0000,0.0000,0.0000,0.0000
chimanimani_s2_1041.h5,0,0,0,16384,0.0000,0.0000,0.0000,0.0000
chimanimani_s2_1223.h5,0,0,0,16384,0.0000,0.0000,0.0000,0.0000
chimanimani_s2_126.h5,0,0,0,16384,0.0000,0.0000,0.0000,0.0000
chimanimani_s2_1264.h5,0,0,0,16384,0.0000,0.0000,0.0000,0.0000
chimanimani_s2_1295.h5,0,0,0,16384,0.0000,0.0000,0.0000,0.0000
chimanimani_s2_1019.h5,0,0,0,16384,0.0000,0.0000,0.0000,0.0000
chimanimani_s2_1041.h5,0,0,0,16384,0.0000,0.0000,0.0000,0.0000
chimanimani_s2_1222.h5,0,0,0,16384,0.0000,0.0000,0.0000,0.0000
chimanimani_s2_1264.h5,0,0,0,16384,0.0000,0.0000,0.0000,0.0000
chimanimani_s2_1295.h5,0,0,0,16384,0.0000,0.0000,0.0000,0.0000
chimanimani_s2_1390.h5,0,0,0,16384,0.0000,0.0000,0.0000,0.0000
chimanimani_s2_1019.h5,0,0,0,16384,0.0000,0.0000,0.0000,0.0000
chimanimani_s2_1041.h5,0,0,0,16384,0.0000,0.0000,0.0000,0.0000
chimanimani_s2_1222.h5,0,0,0,16384,0.0000,0.0000,0.0000,0.0000
chimanimani_s2_126.h5,0,0,0,16384,0.0000,0.0000,0.0000,0.0000
chimanimani_s2_1264.h5,0,0,0,16384,0.0000,0.0000,0.0000,0.0000
chimanimani_s2_1295.h5,0,0,0,16384,0.0000,0.0000,0.0000,0.0000
chimanimani_s2_1390.h5,0,0,0,16384,0.0000,0.0000,0.0000,0.0000
chimanimani_s2_1041.h5,0,0,0,16384,0.0000,0.0000,0.0000,0.0000
chimanimani_s2_1223.h5,0,0,0,16384,0.0000,0.0000,0.0000,0.0000
chimanimani_s2_1264.h5,0,0,0,16384,0.0000,0.0000,0.0000,0.0000
chimanimani_s2_1295.h5,0,0,0,16384,0.0000,0.0000,0.0000,0.0000
chimanimani_s2_1390.h5,0,0,0,16384,0.0000,0.0000,0.0000,0.0000
chimanimani_s2_1019.h5,0,0,0,16384,0.0000,0.0000,0.0000,0.0000
chimanimani_s2_1041.h5,0,0,0,16384,0.0000,0.0000,0.0000,0.0000
chimanimani_s2_1222.h5,0,0,0,16384,0.0000,0.0000,0.0000,0.0000
chimanimani_s2_1264.h5,0,0,0,16384,0.0000,0.0000,0.0000,0.0000
chimanimani_s2_1295.h5,0,0,0,16384,0.0000,0.0000,0.0000,0.0000
chimanimani_s2_1390.h5,0,0,0,16384,0.0000,0.0000,0.0000,0.0000
chimanimani_s2_1019.h5,0,0,0,16384,0.0000,0.0000,0.0000,0.0000
chimanimani_s2_1041.h5,0,0,0,16384,0.0000,0.0000,0.0000,0.0000
chimanimani_s2_1222.h5,0,0,0,16384,0.0000,0.0000,0.0000,0.0000
chimanimani_s2_1223.h5,0,0,0,16384,0.0000,0.0000,0.0000,0.0000
chimanimani_s2_126.h5,0,0,0,16384,0.0000,0.0000,0.0000,0.0000
chimanimani_s2_1264.h5,0,0,0,16384,0.0000,0.0000,0.0000,0.0000
chimanimani_s2_1295.h5,0,0,0,16384,0.0000,0.0000,0.0000,0.0000
chimanimani_s2_1390.h5,0,0,0,16384,0.0000,0.0000,0.0000,0.0000
chimanimani_s2_1019.h5,0,0,0,16384,0.0000,0.0000,0.0000,0.0000
chimanimani_s2_1222.h5,0,0,0,16384,0.0000,0.0000,0.0000,0.0000
chimanimani_s2_1223.h5,0,0,0,16384,0.0000,0.0000,0.0000,0.0000
chimanimani_s2_126.h5,0,0,0,16384,0.0000,0.0000,0.0000,0.0000
chimanimani_s2_1264.h5,0,0,0,16384,0.0000,0.0000,0.0000,0.0000
chimanimani_s2_1390.h5,0,0,0,16384,0.0000,0.0000,0.0000,0.0000
chimanimani_s2_1019.h5,0,0,0,16384,0.0000,0.0000,0.0000,0.0000
chimanimani_s2_1041.h5,0,0,0,16384,0.0000,0.0000,0.0000,0.0000
chimanimani_s2_1222.h5,0,0,0,16384,0.0000,0.0000,0.0000,0.0000
chimanimani_s2_126.h5,0,0,0,16384,0.0000,0.0000,0.0000,0.0000
chimanimani_s2_1264.h5,0,0,0,16384,0.0000,0.0000,0.0000,0.0000
chimanimani_s2_1295.h5,0,0,0,16384,0.0000,0.0000,0.0000,0.0000
chimanimani_s2_1390.h5,0,0,0,16384,0.0000,0.0000,0.0000,0.0000
chimanimani_s2_1019.h5,0,0,0,16384,0.0000,0.0000,0.0000,0.0000
chimanimani_s2_1041.h5,0,0,0,16384,0.0000,0.0000,0.0000,0.0000
chimanimani_s2_1222.h5,0,0,0,16384,0.0000,0.0000,0.0000,0.0000
chimanimani_s2_1223.h5,0,0,0,16384,0.0000,0.0000,0.0000,0.0000
chimanimani_s2_126.h5,0,0,0,16384,0.0000,0.0000,0.0000,0.0000
chimanimani_s2_1264.h5,0,0,0,16384,0.0000,0.0000,0.0000,0.0000
chimanimani_s2_1295.h5,0,0,0,16384,0.0000,0.0000,0.0000,0.0000
chimanimani_s2_1390.h5,0,0,0,16384,0.0000,0.0000,0.0000,0.0000
chimanimani_s2_1019.h5,0,0,0,16384,0.0000,0.0000,0.0000,0.0000
chimanimani_s2_1041.h5,0,0,0,16384,0.0000,0.0000,0.0000,0.0000
chimanimani_s2_1222.h5,0,0,0,16384,0.0000,0.0000,0.0000,0.0000
chimanimani_s2_1223.h5,0,0,0,16384,0.0000,0.0000,0.0000,0.0000
chimanimani_s2_126.h5,0,0,0,16384,0.0000,0.0000,0.0000,0.0000
chimanimani_s2_1264.h5,0,0,0,16384,0.0000,0.0000,0.0000,0.0000
chimanimani_s2_1295.h5,0,0,0,16384,0.0000,0.0000,0.0000,0.0000
chimanimani_s2_1390.h5,0,0,0,16384,0.0000,0.0000,0.0000,0.0000
chimanimani_s2_1019.h5,0,0,0,16384,0.0000,0.0000,0.0000,0.0000
chimanimani_s2_1041.h5,0,0,0,16384,0.0000,0.0000,0.0000,0.0000
chimanimani_s2_1222.h5,0,0,0,16384,0.0000,0.0000,0.0000,0.0000
chimanimani_s2_1223.h5,0,0,0,16384,0.0000,0.0000,0.0000,0.0000
chimanimani_s2_126.h5,0,0,0,16384,0.0000,0.0000,0.0000,0.0000
chimanimani_s2_1264.h5,0,0,0,16384,0.0000,0.0000,0.0000,0.0000
chimanimani_s2_1295.h5,0,0,0,16384,0.0000,0.0000,0.0000,0.0000
chimanimani_s2_1390.h5,0,0,0,16384,0.0000,0.0000,0.0000,0.0000
chimanimani_s2_1019.h5,0,0,0,16384,0.0000,0.0000,0.0000,0.0000
chimanimani_s2_1041.h5,0,0,0,16384,0.0000,0.0000,0.0000,0.0000
chimanimani_s2_1222.h5,0,0,0,16384,0.0000,0.0000,0.0000,0.0000
chimanimani_s2_1223.h5,0,0,0,16384,0.0000,0.0000,0.0000,0.0000
chimanimani_s2_126.h5,0,0,0,16384,0.0000,0.0000,0.0000,0.0000
chimanimani_s2_1264.h5,0,0,0,16384,0.0000,0.0000,0.0000,0.0000
chimanimani_s2_1295.h5,0,0,0,16384,0.0000,0.0000,0.0000,0.0000
chimanimani_s2_1390.h5,0,0,0,16384,0.0000,0.0000,0.0000,0.0000
chimanimani_s2_1019.h5,0,0,0,16384,0.0000,0.0000,0.0000,0.0000
chimanimani_s2_1041.h5,0,0,0,16384,0.0000,0.0000,0.0000,0.0000
chimanimani_s2_1222.h5,0,0,0,16384,0.0000,0.0000,0.0000,0.0000
chimanimani_s2_1223.h5,0,0,0,16384,0.0000,0.0000,0.0000,0.0000
chimanimani_s2_126.h5,0,0,0,16384,0.0000,0.0000,0.0000,0.0000
chimanimani_s2_1295.h5,0,0,0,16384,0.0000,0.0000,0.0000,0.0000
chimanimani_s2_1390.h5,0,0,0,16384,0.0000,0.0000,0.0000,0.0000
chimanimani_s2_1019.h5,0,0,0,16384,0.0000,0.0000,0.0000,0.0000
chimanimani_s2_1041.h5,0,0,0,16384,0.0000,0.0000,0.0000,0.0000
chimanimani_s2_1223.h5,0,0,0,16384,0.0000,0.0000,0.0000,0.0000
chimanimani_s2_126.h5,0,0,0,16384,0.0000,0.0000,0.0000,0.0000
chimanimani_s2_1019.h5,0,0,0,16384,0.0000,0.0000,0.0000,0.0000
chimanimani_s2_126.h5,0,0,0,16384,0.0000,0.0000,0.0000,0.0000
chimanimani_s2_1264.h5,0,0,0,16384,0.0000,0.0000,0.0000,0.0000
chimanimani_s2_1295.h5,0,0,0,16384,0.0000,0.0000,0.0000,0.0000
chimanimani_s2_1222.h5,0,0,0,16384,0.0000,0.0000,0.0000,0.0000
chimanimani_s2_1295.h5,0,0,0,16384,0.0000,0.0000,0.0000,0.0000
chimanimani_s2_1019.h5,0,0,0,16384,0.0000,0.0000,0.0000,0.0000
chimanimani_s2_1222.h5,0,0,0,16384,0.0000,0.0000,0.0000,0.0000
chimanimani_s2_1223.h5,0,0,0,16384,0.0000,0.0000,0.0000,0.0000
chimanimani_s2_126.h5,0,0,0,16384,0.0000,0.0000,0.0000,0.0000
chimanimani_s2_1019.h5,0,0,0,16384,0.0000,0.0000,0.0000,0.0000
chimanimani_s2_1390.h5,0,0,0,16384,0.0000,0.0000,0.0000,0.0000
chimanimani_s2_126.h5,0,0,0,16384,0.0000,0.0000,0.0000,0.0000
chimanimani_s2_126.h5,0,0,0,16384,0.0000,0.0000,0.0000,0.0000
chimanimani_s2_1264.h5,0,0,0,16384,0.0000,0.0000,0.0000,0.0000
chimanimani_s2_1390.h5,0,0,0,16384,0.0000,0.0000,0.0000,0.0000
chimanimani_s2_1264.h5,0,0,0,16384,0.0000,0.0000,0.0000,0.0000
chimanimani_s2_1223.h5,0,0,0,16384,0.0000,0.0000,0.0000,0.0000
chimanimani_s2_1019.h5,0,0,0,16384,0.0000,0.0000,0.0000,0.0000
chimanimani_s2_1222.h5,0,0,0,16384,0.0000,0.0000,0.0000,0.0000
chimanimani_s2_1222.h5,0,0,0,16384,0.0000,0.0000,0.0000,0.0000
chimanimani_s2_1223.h5,0,0,0,16384,0.0000,0.0000,0.0000,0.0000
chimanimani_s2_126.h5,0,0,0,16384,0.0000,0.0000,0.0000,0.0000
chimanimani_s2_1264.h5,0,0,0,16384,0.0000,0.0000,0.0000,0.0000
chimanimani_s2_1295.h5,0,0,0,16384,0.0000,0.0000,0.0000,0.0000
chimanimani_s2_1041.h5,0,0,0,16384,0.0000,0.0000,0.0000,0.0000
chimanimani_s2_1390.h5,0,0,0,16384,0.0000,0.0000,0.0000,0.0000
chimanimani_s2_1222.h5,0,0,0,16384,0.0000,0.0000,0.0000,0.0000
chimanimani_s2_1295.h5,0,0,0,16384,0.0000,0.0000,0.0000,0.0000
chimanimani_s2_1222.h5,0,0,0,16384,0.0000,0.0000,0.0000,0.0000
chimanimani_s2_1041.h5,0,0,0,16384,0.0000,0.0000,0.0000,0.0000
chimanimani_s2_1222.h5,0,0,0,16384,0.0000,0.0000,0.0000,0.0000
chimanimani_s2_1223.h5,0,0,0,16384,0.0000,0.0000,0.0000,0.0000
chimanimani_s2_126.h5,0,0,0,16384,0.0000,0.0000,0.0000,0.0000
chimanimani_s2_1295.h5,0,0,0,16384,0.0000,0.0000,0.0000,0.0000
chimanimani_s2_1222.h5,0,0,0,16384,0.0000,0.0000,0.0000,0.0000
chimanimani_s2_126.h5,0,0,0,16384,0.0000,0.0000,0.0000,0.0000
chimanimani_s2_126.h5,0,0,0,16384,0.0000,0.0000,0.0000,0.0000
chimanimani_s2_1264.h5,0,0,0,16384,0.0000,0.0000,0.0000,0.0000
chimanimani_s2_1295.h5,0,0,0,16384,0.0000,0.0000,0.0000,0.0000
chimanimani_s2_1041.h5,0,0,0,16384,0.0000,0.0000,0.0000,0.0000
chimanimani_s2_1223.h5,0,0,0,16384,0.0000,0.0000,0.0000,0.0000
chimanimani_s2_1390.h5,0,0,0,16384,0.0000,0.0000,0.0000,0.0000
chimanimani_s2_1264.h5,0,0,0,16384,0.0000,0.0000,0.0000,0.0000
chimanimani_s2_1019.h5,0,0,0,16384,0.0000,0.0000,0.0000,0.0000
chimanimani_s2_1223.h5,0,0,0,16384,0.0000,0.0000,0.0000,0.0000
chimanimani_s2_1264.h5,0,0,0,16384,0.0000,0.0000,0.0000,0.0000
chimanimani_s2_1019.h5,0,0,0,16384,0.0000,0.0000,0.0000,0.0000
chimanimani_s2_1041.h5,0,0,0,16384,0.0000,0.0000,0.0000,0.0000
chimanimani_s2_1222.h5,0,0,0,16384,0.0000,0.0000,0.0000,0.0000
chimanimani_s2_126.h5,0,0,0,16384,0.0000,0.0000,0.0000,0.0000
chimanimani_s2_1295.h5,0,0,0,16384,0.0000,0.0000,0.0000,0.0000
chimanimani_s2_126.h5,0,0,0,16384,0.0000,0.0000,0.0000,0.0000
chimanimani_s2_1390.h5,0,0,0,16384,0.0000,0.0000,0.0000,0.0000
chimanimani_s2_1019.h5,0,0,0,16384,0.0000,0.0000,0.0000,0.0000
chimanimani_s2_1295.h5,0,0,0,16384,0.0000,0.0000,0.0000,0.0000
chimanimani_s2_1390.h5,0,0,0,16384,0.0000,0.0000,0.0000,0.0000
chimanimani_s2_1390.h5,0,0,0,16384,0.0000,0.0000,0.0000,0.0000
chimanimani_s2_1222.h5,0,0,0,16384,0.0000,0.0000,0.0000,0.0000
chimanimani_s2_1264.h5,0,0,0,16384,0.0000,0.0000,0.0000,0.0000
chimanimani_s2_1222.h5,0,0,0,16384,0.0000,0.0000,0.0000,0.0000
chimanimani_s2_1390.h5,0,0,0,16384,0.0000,0.0000,0.0000,0.0000
chimanimani_s2_126.h5,0,0,0,16384,0.0000,0.0000,0.0000,0.0000
chimanimani_s2_1295.h5,0,0,0,16384,0.0000,0.0000,0.0000,0.0000
chimanimani_s2_1390.h5,0,0,0,16384,0.0000,0.0000,0.0000,0.0000
chimanimani_s2_1223.h5,0,0,0,16384,0.0000,0.0000,0.0000,0.0000
chimanimani_s2_1264.h5,0,0,0,16384,0.0000,0.0000,0.0000,0.0000
chimanimani_s2_1222.h5,0,0,0,16384,0.0000,0.0000,0.0000,0.0000
chimanimani_s2_1041.h5,0,0,0,16384,0.0000,0.0000,0.0000,0.0000
chimanimani_s2_126.h5,0,0,0,16384,0.0000,0.0000,0.0000,0.0000
chimanimani_s2_1264.h5,0,0,0,16384,0.0000,0.0000,0.0000,0.0000
chimanimani_s2_1264.h5,0,0,0,16384,0.0000,0.0000,0.0000,0.0000
chimanimani_s2_1295.h5,0,0,0,16384,0.0000,0.0000,0.0000,0.0000
chimanimani_s2_126.h5,0,0,0,16384,0.0000,0.0000,0.0000,0.0000
chimanimani_s2_1264.h5,0,0,0,16384,0.0000,0.0000,0.0000,0.0000
chimanimani_s2_1041.h5,0,0,0,16384,0.0000,0.0000,0.0000,0.0000
chimanimani_s2_1223.h5,0,0,0,16384,0.0000,0.0000,0.0000,0.0000
chimanimani_s2_1295.h5,0,0,0,16384,0.0000,0.0000,0.0000,0.0000
chimanimani_s2_1390.h5,0,0,0,16384,0.0000,0.0000,0.0000,0.0000
chimanimani_s2_1264.h5,0,0,0,16384,0.0000,0.0000,0.0000,0.0000
chimanimani_s2_1019.h5,0,0,0,16384,0.0000,0.0000,0.0000,0.0000
chimanimani_s2_1041.h5,0,0,0,16384,0.0000,0.0000,0.0000,0.0000